{"details":{"chainId":"1","rewardAddress":"0x559b7bfC48a5274754b08819F75C5F27aF53D53b","total":26162.79069767445,"startBlock":16263112,"endBlock":16313268,"includedVaults":{"1":{"0x559b7bfC48a5274754b08819F75C5F27aF53D53b":{"0x60d133c666919B54a3254E0d3F14332cB783B733":{},"0x8C45969aD19D297c9B85763e90D0344C6E2ac9d1":{},"0x98eb27E5F24FB83b7D129D789665b08C258b4cCF":{}}},"10":{"0x3F56e0c36d275367b8C502090EDF38289b3dEa0d":{"0x062016Cd29Fabb26c52BAB646878987fC9B0Bc55":{},"0xB9C8F0d3254007eE4b98970b94544e473Cd610EC":{},"0xbf1aeA8670D2528E08334083616dD9C5F3B087aE":{},"0xF9CE2522027bD40D3b1aEe4abe969831FE3BeAf5":{},"0xAB91c51b55F7Dd7B34F2FD7217506fD5b632B2B9":{}}},"137":{"0x580A84C73811E1839F75d86d75d88cCa0c241fF4":{"0x305f113ff78255d4F8524c8F50C7300B91B10f6A":{},"0x11826d20B6A16A22450978642404dA95B4640123":{},"0x1F0aa72b980d65518e88841bA1dA075BD43fa933":{},"0xa3b0A659f2147D77A443f70D96b3cC95E7A26390":{},"0x88d84a85A87ED12B8f098e8953B322fF789fCD1a":{},"0x1DCc1f864A4Bd0b8f4Ad33594B758b68e9Fa872c":{},"0x3fd939B017b31eaADF9ae50C7fF7Fa5c0661d47C":{},"0x701A1824e5574B0b6b1c8dA808B184a7AB7A2867":{},"0x11A33631a5B5349AF3F165d2B7901A4d67e561ad":{},"0x37131aEDd3da288467B6EBe9A77C523A700E6Ca1":{}}},"1088":{"0xDeadDeAddeAddEAddeadDEaDDEAdDeaDDeAD0000":{"0xC09c73F7B32573d178138E76C0e286BA21085c20":{},"0x10DcBEe8afA39a847707e16Aea5eb34c6b01aBA9":{}}}}},"values":{"0x80b3153f39aeec1ef68adc038913698e103e6e1d":21412.124489375154,"0xfd8a63085804dcb95417fe33f9e49253522c68dd":1087.8755106248743,"0x09fa38eba245bb68354b8950fa2fe71f02863393":31.873194130926287,"0x6e868846b2182235c16fd122fcd44739e55a58e4":223.09004991149286,"0x1cdfb7f34e9d8bbaf5583a58783bfc4b67d3127b":637.4001426042653,"0xc399cb4679a5f59a6a4f00473437d0273dd5d7b4":31.870039000220395,"0x1395de9daec52ad405e945603ea0a9346d00d01c":31.870007130213267,"0x947e7c813961b76133cc4492700e8b2fc93642e8":49.36664104470035,"0x0394b816fe290049b04bc8bf8e89d38a80f5ecba":288.79809122796763,"0x9aa8cc57ef8793975f60e23611af8804070a4f22":79.67501782553316,"0x82e8936b187d83fd6eb2b7dab5b19556e9deff1c":432.54264454374515,"0xd3f486244745a12263c702bd901d4c9a19390ef7":128.93544715272145,"0x50cd4175e0bb2cc85c225911096dbdd01dd14926":31.870007130213267,"0x3448a827d60cb53a0f3bbd86be781c24b25a6de6":389.3309048786575,"0x9f620ccbcb854f15575bcefffc41dac3173f2b48":82.34413652359119,"0xbcc181046fd96ccadf0cebe30d4ff67d4373a126":47.8050106953199,"0x33acb82452e13523535ea34d082b6ee67d14e2c8":55.43211683273893,"0xeefd6537adbda7b1a9da3f6607dda26b048489c2":50.474322132880836,"0xa44d3bbdd1ffeff9471b250fae74b29c1659f226":75.7111940900669,"0x315e6635a6ad955f08b044a6ef67b53d6b72d621":75.7111940900669,"0x8a2806405aa43150f3f9ed50230ed6c19010b506":50.535511162998844,"0xd1c9a97c5687eaa1e22c89d7f38a568c99f30604":75.7111940900669,"0x9c47dc9f22154805fea6bccdb67b22bb8d441d42":50.47412939337793,"0x2733a08e54a7bac5155b66a718b626dc76722d9b":50.47412939337793,"0xea22e820a89ba3e188f91966f6841b9902d964c7":60.568955272053515,"0xfb74196eccf35a260dd5cfd300baa37ae058b6c0":126.18532348344482,"0xd0b53c43d3e0b58909c38487aa0c3af7dfa2d8c0":504.7412939337793}}