{"details":{"chainId":"1","rewardAddress":"0x559b7bfC48a5274754b08819F75C5F27aF53D53b","total":84292.64153442842,"startBlock":15611741,"endBlock":15661819,"includedVaults":{"1":{"0x559b7bfC48a5274754b08819F75C5F27aF53D53b":{"0x8C45969aD19D297c9B85763e90D0344C6E2ac9d1":{},"0x82E90EB7034C1DF646bD06aFb9E67281AAb5ed28":{},"0xcc61Ee649A95F2E2f0830838681f839BDb7CB823":{},"0xEcbd32bD581e241739be1763DFE7a8fFcC844ae1":{},"0x98eb27E5F24FB83b7D129D789665b08C258b4cCF":{},"0x60d133c666919B54a3254E0d3F14332cB783B733":{}}},"10":{"0x3F56e0c36d275367b8C502090EDF38289b3dEa0d":{"0x062016cd29fabb26c52bab646878987fc9b0bc55":{},"0xAB91c51b55F7Dd7B34F2FD7217506fD5b632B2B9":{},"0xbf1aea8670d2528e08334083616dd9c5f3b087ae":{},"0xb9c8f0d3254007ee4b98970b94544e473cd610ec":{},"0xF9CE2522027bD40D3b1aEe4abe969831FE3BeAf5":{}}},"137":{"0x580A84C73811E1839F75d86d75d88cCa0c241fF4":{"0xF086dEdf6a89e7B16145b03a6CB0C0a9979F1433":{},"0x305f113ff78255d4f8524c8f50c7300b91b10f6a":{},"0x7dda5e1a389e0c1892caf55940f5fce6588a9ae0":{},"0x1F0aa72b980d65518e88841bA1dA075BD43fa933":{},"0x11A33631a5B5349AF3F165d2B7901A4d67e561ad":{},"0x3fd939B017b31eaADF9ae50C7fF7Fa5c0661d47C":{},"0x88d84a85A87ED12B8f098e8953B322fF789fCD1a":{},"0x11826d20b6a16a22450978642404da95b4640123":{},"0x37131aEDd3da288467B6EBe9A77C523A700E6Ca1":{},"0x701A1824e5574B0b6b1c8dA808B184a7AB7A2867":{},"0xff2c44Fb819757225a176e825255a01B3B8BB051":{}}},"1088":{"0x3F56e0c36d275367b8C502090EDF38289b3dEa0d":{"0xb89c1b3d9f335b9d8bb16016f3d60160ae71041f":{},"0x10dcbee8afa39a847707e16aea5eb34c6b01aba9":{},"0xc09c73f7b32573d178138e76c0e286ba21085c20":{}},"0xDeadDeAddeAddEAddeadDEaDDEAdDeaDDeAD0000":{"0xc09c73f7b32573d178138e76c0e286ba21085c20":{}}}}},"values":{"0x6e868846b2182235c16fd122fcd44739e55a58e4":4737.624028785898,"0x1cdfb7f34e9d8bbaf5583a58783bfc4b67d3127b":11854.043446886759,"0xc399cb4679a5f59a6a4f00473437d0273dd5d7b4":1524.3495593742427,"0xd3f85ade70adf48ed17c8cb182b8b1aff542e51f":964.7990357576873,"0x1395de9daec52ad405e945603ea0a9346d00d01c":321.59967858589573,"0x8d0328b4f6dbd62146266046f2e139edc37c27f3":711.565760516198,"0x598c5e19a132a5c433a80c908f05d87bfdaac4ae":8431.372372479284,"0x09fa38eba245bb68354b8950fa2fe71f02863393":206.12375829577545,"0x947e7c813961b76133cc4492700e8b2fc93642e8":368.86627111378857,"0x7c9f43215d3b3d5055433a9d7b12bcbf9f4be442":854.3421478730482,"0x0394b816fe290049b04bc8bf8e89d38a80f5ecba":1413.9650014143285,"0x0f101ccdd4673316933339c8fba5fc3b262cf4cb":59.735243665381994,"0xb83bf031201753e9eb0a60ea5b7ed5c880cb8459":186.23175992804258,"0x4334703b0b74e2045926f82f4158a103fce1df4f":449.530725813881,"0x9aa8cc57ef8793975f60e23611af8804070a4f22":147.2386456463556,"0x639ade8805c0081ea5da9495bb50751003e827cc":1986.4027892263232,"0x967e31545b1683eab2b7a110a080731ed983b2b8":1826.5514283529553,"0x3a1bbd14c1c0e2ebf7cd906961d122dadd5448a7":908.3869949966619,"0x2f463642fa60cb1f1fd1c57af25b34b7a9a99586":2970.5166562990676,"0xa11cba2199d349c35f4c4ef6a4760406c69f9f79":216.70835507521616,"0x91831208ef824bbb986996312f2f0d92cca7bb90":790.1030281163133,"0x08888ce68d8de3d2616f96270f06b1b6fb3a18f6":1039.9029910000058,"0xe36d639a953f563e129ef289a04818bb04a2bcbe":87.20151491370584,"0xbd033241cf0a5eae1c8d24f30a81660f2c420bd6":9.278295656525778,"0x66014cd66fad6c622d48a22c6fe0913d49840683":775.2788559275881,"0x7893cbc9e89245e0470fe3ce9bb8bc3fb0bf27c3":684.1355491797361,"0x0fc43029b680c3484b49d4327581d0bc9ec33091":558.8024444310055,"0xd707ea46c8e5d8ea0e171625d1da770a8fed59f7":920.2261308044802,"0x16f75aa4bcab8a8fda2bcab023ca1ae581453ac5":460.1130654022401,"0x66bb7c182672a4b4a1c5891b9fd708b241ef3622":814.2761307073234,"0xb7d49adb031d6dbdf3e8e28f21c6dd3b6f231cd5":777.6459454100549,"0xeec7d2c76d6b53eeb86a352b7fba0b073b5b1703":267.7688356923633,"0xb454778adddb9af61823cb9dd6a9fdb6eb4178d9":17.47711142618351,"0x658d6ecc9c9ad22e05492c93a68b88feff61b93a":1714.0791023734419,"0x9eb408e53dfa0c877b65bbe874de81247212380e":3428.1582047468837,"0x1d3b180c38c342dcae23c71dc9637fc829211cc6":326.35294822720834,"0xd1aed85ffb991bcb22e8a5893d02582406e069e2":418.6480866638883,"0x2a48d3be1b3603af83ff5f72df5b14b8cfd37164":12.378396601369989,"0x854f1269b659a727a2268ab86ff77cfb30bfb358":9805.768230633481,"0xeefd6537adbda7b1a9da3f6607dda26b048489c2":1117.0713266983842,"0x9177eb417cd0f2ccd2662e1879af1c67e1d2779c":1291.0638637680338,"0xe0eae533863f6818342fa589f7b466fc3bcbbb74":1733.5320213712391,"0xf7599b9237680ea12df90cdccc79f37956a68086":416.70455957157463,"0xa532f169cee0e551d4da641031ac78fd85461035":384.09394560715623,"0x118e2ae07382d8ac768712e095bab4a06590e4a5":729.7784966535969,"0x53e213da8c28d85dc6663c3b5e35bb0ffbb05752":319.18362287300647,"0xa44d3bbdd1ffeff9471b250fae74b29c1659f226":393.0076175510933,"0x2479b47559f85b79894553f776529847e5bb389a":1938.837579918727,"0x62ace6e511476adcc8635b92e457f604bd22ad32":325.2693850231495,"0x315e6635a6ad955f08b044a6ef67b53d6b72d621":99.55178787203015,"0x80b3153f39aeec1ef68adc038913698e103e6e1d":12271.71501137886,"0xfd8a63085804dcb95417fe33f9e49253522c68dd":225.28378814097908}}