{"details":{"chainId":"1088","rewardAddress":"0xDeadDeAddeAddEAddeadDEaDDEAdDeaDDeAD0000","total":330932.0006677501,"startBlock":3658165,"endBlock":3701205,"includedVaults":{"1":{"0x559b7bfC48a5274754b08819F75C5F27aF53D53b":{"0x8C45969aD19D297c9B85763e90D0344C6E2ac9d1":{},"0x82E90EB7034C1DF646bD06aFb9E67281AAb5ed28":{},"0xcc61Ee649A95F2E2f0830838681f839BDb7CB823":{},"0xEcbd32bD581e241739be1763DFE7a8fFcC844ae1":{},"0x98eb27E5F24FB83b7D129D789665b08C258b4cCF":{},"0x60d133c666919B54a3254E0d3F14332cB783B733":{}}},"10":{"0x3F56e0c36d275367b8C502090EDF38289b3dEa0d":{"0x062016cd29fabb26c52bab646878987fc9b0bc55":{},"0xAB91c51b55F7Dd7B34F2FD7217506fD5b632B2B9":{},"0xbf1aea8670d2528e08334083616dd9c5f3b087ae":{},"0xb9c8f0d3254007ee4b98970b94544e473cd610ec":{},"0xF9CE2522027bD40D3b1aEe4abe969831FE3BeAf5":{}}},"137":{"0x580A84C73811E1839F75d86d75d88cCa0c241fF4":{"0xF086dEdf6a89e7B16145b03a6CB0C0a9979F1433":{},"0x305f113ff78255d4f8524c8f50c7300b91b10f6a":{},"0x7dda5e1a389e0c1892caf55940f5fce6588a9ae0":{},"0x1F0aa72b980d65518e88841bA1dA075BD43fa933":{},"0x11A33631a5B5349AF3F165d2B7901A4d67e561ad":{},"0x3fd939B017b31eaADF9ae50C7fF7Fa5c0661d47C":{},"0x88d84a85A87ED12B8f098e8953B322fF789fCD1a":{},"0x11826d20b6a16a22450978642404da95b4640123":{},"0x37131aEDd3da288467B6EBe9A77C523A700E6Ca1":{},"0x701A1824e5574B0b6b1c8dA808B184a7AB7A2867":{},"0xff2c44Fb819757225a176e825255a01B3B8BB051":{}}},"1088":{"0x3F56e0c36d275367b8C502090EDF38289b3dEa0d":{"0xb89c1b3d9f335b9d8bb16016f3d60160ae71041f":{},"0x10dcbee8afa39a847707e16aea5eb34c6b01aba9":{},"0xc09c73f7b32573d178138e76c0e286ba21085c20":{}},"0xDeadDeAddeAddEAddeadDEaDDEAdDeaDDeAD0000":{"0xc09c73f7b32573d178138e76c0e286ba21085c20":{}}}}},"values":{"0x4bb17f45b9a00451383166782c9cd6075ad5eeb3":1314.9128424370651,"0x23e817b3982ba0e033dab4fa1b47088418ad6b2a":941.5864772459634,"0xcdcdefcf200b66718403ccad3295a0ae6553d907":2958.5541352758537,"0xa9cc27c0789f4829d91810bde3e72f1799b94a7d":199.9604457024217,"0x7fe4d3f9a56444a7a779d691b1c1c2421c0c9aab":1972.3694235172356,"0x598a69c02d6c71a4ba9180f38e463e25d24083b1":591.7108270551707,"0xd63da94c6a7e8d15f8eed6d008815fd9e978cc1f":723.2021219563197,"0x24a30823bd87e785b0c4b3803a2bffd91eb6876f":920.4390643080434,"0xe0eae533863f6818342fa589f7b466fc3bcbbb74":15865.564423513511,"0x2c48a579668f76dbf59c20b9273da9083be65f52":36.16010609781599,"0xc5b67fa1a911af92d71ffe222fbc5ab4d0dacb42":5513.438268347844,"0xc399cb4679a5f59a6a4f00473437d0273dd5d7b4":1087.6274180135997,"0xd3f85ade70adf48ed17c8cb182b8b1aff542e51f":7361.936985080733,"0x5d6c710647b47d257f1974d4f0666e65d2c0728a":756.074945681607,"0x092e7471a55c416f12d3340c6cce1a4bcc373089":9277.710497225265,"0x9194ff990c890b33dcd62426f8c84fe2b3178f2c":9834.226146221878,"0x09fa38eba245bb68354b8950fa2fe71f02863393":1973.6563319881107,"0x7c818d46acef870ea88137bf553594f4803872ca":1643.6411862643631,"0x5d98609f4a43ed4d36dae38a58365b352109c7a6":739.6385338189634,"0x1ba3d0aab50d10675f72d0704daa3e3c0d4eb86b":143.95069068481286,"0x80b3153f39aeec1ef68adc038913698e103e6e1d":673.8928863683889,"0xe5ae5aac9a19ec43abdd161e95640a1cc12ae348":4921.332145506854,"0x152ce5033cd865edc7bcec99333706c6cae13220":63.82205418679283,"0x00bd3bda43483af368de8b7ec6568437c7bb319f":42.874059763705546,"0x73bb129019992794002af6f53a86d671a4887901":1444.8064706893438,"0x5d4a5a059c10cb3161fc8637090603091689f44b":1614.4807300321386,"0xcba1a275e2d858ecffaf7a87f606f74b719a8a93":6363.158098467376,"0x21c8dc59f2e9a11c4c1a0c310641968132c6b1be":29585.541352758537,"0xf3386f459c962d81c1c5a78befe9f92ff8e15e0e":2470.3484842990274,"0x3b31d3dec0dbbffa9fd10b6ddd313a54eb479a35":718.2787317850259,"0x9cfb077e441b17d7126e2bba4203e0d263e27d24":161.0177376656206,"0x4f13fb0dd3d43a4511c1c6ef49569287ee968ae5":116.16277204693854,"0x186b12ceaf08fde22e32647fcc800e45876f5bd0":129.87743330388187,"0x98771bba24d57af722b4b43f55e002df4f7d29b2":65.74564745057452,"0x48cf1cba8cd942818aab23f1af48470020138891":35157.27644264198,"0xe32650e748e7e4aba16181d9882d15ba328d5a78":723.2021219563197,"0xea22e820a89ba3e188f91966f6841b9902d964c7":4165.329852590561,"0x9f6d8d7c57e989fedf1d50d9cf66c91def446405":19.723694235172356,"0xe6a0d1bbdd7ed02ff15adb30314edbca6b1f8be0":2354.205258579987,"0x27e1f718e0bbc1717c77e7d90fd3a1bc95bb891f":56203.38469399803,"0x0a66a105ea8a4fc5a0475b37cd4be050621b95d4":2465.4617793965444,"0x8a8606817b360f6c26246a8b1f081a5050174cd5":1347.7857730642356,"0xb7d4cc582bf137166e1499960754d32558e18440":312.0956507267824,"0xd1275eb5d5ea553bb52f00cf8025f07b50a66329":329.14191598208157,"0x3b0f16957286c532b1b7af9de3e68383acbfbbe6":27.547080454305597,"0xfab500061e63e30babdeb3ffad296d761a52d7b8":5.588380033298835,"0x6f3a8f9fd0da6b3ea4860ad7df347a06f1c65bdb":673.6049909254051,"0x616fa7037c11bd5e05f8b0d6ef281c9ca8ab7498":493.0923558793089,"0xfaa41900848b7f68f4859676432811e6fc46a15c":657.4564745057453,"0x5751a4548842e307d221c1d53e11971c8d643e1a":91.17265350406484,"0x4df37cc3c48ec3eb689c8bf0d91249ce2506f73b":160.0553346818871,"0x3b82b31bbe0dc3fe0f13d17f9a4d0455ef562e06":1638.6445170581194,"0xca20a8f778a92b8ba0260410607dc1fd1edd7dcb":5.2596517960459614,"0x87fc1313880d579039ac48db8b25428ed5f33c4a":13.34861149136078,"0x32d910cfc8b6e472154cb14ead6ad6d92c1e2ed5":26.29825898022981,"0x368955efb1bf001683cb5f7ab223380caf0b86e5":262.9825898022981,"0xaf4c6c334aa5af433fe8da5ad2de32b77f554a91":2792.8022406277255,"0x0b535fc12b5642e0f9d3deb319ab0641625de5e6":4.188355097669564,"0x5275817b74021e97c980e95ede6bbac0d0d6f3a2":3231.3177024720612,"0xc61ee6799b7d4fe58ab9cb332f330309c7fa0c56":16212.430928108623,"0x44aac8a5450461b39eabfa1ca0758ff73498d7f9":32872.823725287264,"0x48a1514b1464565af5474d8449309f9de00a3984":1701.4608520085496,"0x3d045f52223a9595fb18377b6ca7ac8e220ab35a":3664.0128775384164,"0x3c61a6857adb1f4ba6a0155b990bf7a7fa530390":82.23022989175418,"0xe456ff3e321be2675a5aeb56b3623586254c3419":157.96631015155575,"0xa77208ebcab6a884b2617731ce2888c6abf72dda":246.54617793965446,"0x1ab2ff848031bffbca39fad061551b3cf82d9575":190.78149596265487,"0x66d1f600b54b9c2576ba45cfd2090ac8e941db2e":11.539645502246026,"0x53a385d47d3a011539ec377f53acb410f53ff97d":8.218205931321815,"0xfbf2a4db9aef5757f3a758859a9132af55754fa3":1314.9129490114906,"0x46919f4016befb3c9a01e72a1cfc395695276a01":1978.638844293579,"0x5c0642fe68fc72cf03f676b28faf5cf97cc0b265":5019.680182851365,"0xa44247b333faf99c03c863bd713f034bd73f92a2":9172.11341113509,"0xc40ebdc95e9fae4ada1a2c5093d0599afe0256bd":1227.8168324566454,"0x8cc553fd466fd2c163bcda9a24d354f63318d20d":75.97376356323177,"0x50cd4175e0bb2cc85c225911096dbdd01dd14926":1150.5488303919303,"0x8fdd0cf22012a5fecdbf77ef30d9e9834dc1bf0a":114.12350678145589,"0x44f2cdf495e9f93bcc91dc421d1bb00ad95b617b":66.94998001300743,"0x3982f7e1051ce72a4f8088d28580f41e242333c5":1374.4625206868427,"0xb2d7c3aec073443011a42a25f8577920890b37cc":2024.1874453833946,"0x81f45b90e54589b9251abd2a65c8c55f1e83d0cb":2060.89905864161,"0x83cf51a12258848540e862d1ab8b2fe05518f716":198.08229842648257,"0xd670a99b9ad6b9fe256294f51cfe5f38e51d54aa":706.0644488043874,"0x598c5e19a132a5c433a80c908f05d87bfdaac4ae":23062.434165801842,"0x3a542300159d084382e228ec8f54a402451e5a67":184.3452622116489,"0x868d9a5ee67ec78fe793f5a9ca045b89a7330452":284.7312960892795,"0xd9f88a2a5692b7dced6211475dfedf6b4fd98bcf":379.35956764276955}}