{"details":{"chainId":"1088","rewardAddress":"0x3F56e0c36d275367b8C502090EDF38289b3dEa0d","total":21194.47779111644,"startBlock":3658165,"endBlock":3701205,"includedVaults":{"1":{"0x559b7bfC48a5274754b08819F75C5F27aF53D53b":{"0x82E90EB7034C1DF646bD06aFb9E67281AAb5ed28":{},"0xcc61Ee649A95F2E2f0830838681f839BDb7CB823":{},"0x98eb27E5F24FB83b7D129D789665b08C258b4cCF":{},"0x60d133c666919B54a3254E0d3F14332cB783B733":{},"0x8C45969aD19D297c9B85763e90D0344C6E2ac9d1":{},"0xEcbd32bD581e241739be1763DFE7a8fFcC844ae1":{}}},"10":{"0x3F56e0c36d275367b8C502090EDF38289b3dEa0d":{"0xAB91c51b55F7Dd7B34F2FD7217506fD5b632B2B9":{},"0xb9c8f0d3254007ee4b98970b94544e473cd610ec":{},"0xF9CE2522027bD40D3b1aEe4abe969831FE3BeAf5":{},"0xbf1aea8670d2528e08334083616dd9c5f3b087ae":{},"0x062016cd29fabb26c52bab646878987fc9b0bc55":{}}},"137":{"0x580A84C73811E1839F75d86d75d88cCa0c241fF4":{"0x37131aEDd3da288467B6EBe9A77C523A700E6Ca1":{},"0x3fd939B017b31eaADF9ae50C7fF7Fa5c0661d47C":{},"0x11826d20b6a16a22450978642404da95b4640123":{},"0x1F0aa72b980d65518e88841bA1dA075BD43fa933":{},"0x701A1824e5574B0b6b1c8dA808B184a7AB7A2867":{},"0xff2c44Fb819757225a176e825255a01B3B8BB051":{},"0x305f113ff78255d4f8524c8f50c7300b91b10f6a":{},"0x88d84a85A87ED12B8f098e8953B322fF789fCD1a":{},"0x11A33631a5B5349AF3F165d2B7901A4d67e561ad":{}}},"1088":{"0x3F56e0c36d275367b8C502090EDF38289b3dEa0d":{"0xb89c1b3d9f335b9d8bb16016f3d60160ae71041f":{},"0x10dcbee8afa39a847707e16aea5eb34c6b01aba9":{},"0xc09c73f7b32573d178138e76c0e286ba21085c20":{}},"0xDeadDeAddeAddEAddeadDEaDDEAdDeaDDeAD0000":{"0x10dcbee8afa39a847707e16aea5eb34c6b01aba9":{},"0xc09c73f7b32573d178138e76c0e286ba21085c20":{}}}}},"values":{"0x73bb129019992794002af6f53a86d671a4887901":692.6783297626845,"0xd1aed85ffb991bcb22e8a5893d02582406e069e2":9242.042788785586,"0x5d6c710647b47d257f1974d4f0666e65d2c0728a":136.76242255042663,"0xace16bc9ff7434aa075b54416fc291dc9abf5195":4.264020361849659,"0xa22fae0feab7ea11337391d02d4ee41ff459581d":122.05932777784865,"0x158cbe24e0c054c5d06c5984763177ccd27839a8":516.3229005893578,"0x0b535fc12b5642e0f9d3deb319ab0641625de5e6":16.06993394781214,"0xe5ae5aac9a19ec43abdd161e95640a1cc12ae348":154.78445076090802,"0x32524b1df07d622d38319d81ea1c4f4a29187437":0,"0xe72994419480d9a0b3ab38e53ef7d7c28c48193d":0,"0x19241812c6434bb55d7828b81268070dbbf9f70b":0,"0xb7d4cc582bf137166e1499960754d32558e18440":9.905885379076324,"0x98771bba24d57af722b4b43f55e002df4f7d29b2":2.0867604091948473,"0xd6fd705ee0b31a9300d3e2154bcce777270cbb6f":0,"0x2ee15dd4ebf755c50c883a31e10c1c6aa5a1145a":0,"0x8fdd0cf22012a5fecdbf77ef30d9e9834dc1bf0a":2.6576228204751353,"0x3a542300159d084382e228ec8f54a402451e5a67":7.332900336536948,"0x48cf1cba8cd942818aab23f1af48470020138891":1115.8885100458897,"0xa2e05af8d9271bb0acec0909de1173005cbb05cb":0,"0x93beca36d5bcdc7be0f9ca38b1b5f5f5292aa859":0,"0x1ffac7df7864dc7da6fb59f991e52c2955f95c84":0,"0x7fe4d3f9a56444a7a779d691b1c1c2421c0c9aab":62.60281227584542,"0x367947a84d47f9722f043042bb6b0e7b3369ecea":0,"0xff4f7b726ee86f810531d2842b3bdd8a512db594":0,"0xd956d35c348daa334245402a31fde52120b1dcff":0,"0x4ffcb4a325dc359b39215c694bbfbfaf6485097b":0,"0x3b31d3dec0dbbffa9fd10b6ddd313a54eb479a35":13.006450641762521,"0xc724b0047de0fa1259c043e7203abb243e2c8fc4":0,"0xa7871c77cfdca9bc4477666c5663ba1217031344":0,"0x664fe0585ee5df5d0d18f481fcd197c6d00ab25c":0,"0x8f6f5ccad7a126c14a39d4b0251d06cea2b856a4":0,"0x37d2d38283b21b97deda8e7f31bbecc672822d86":0,"0x0a66a105ea8a4fc5a0475b37cd4be050621b95d4":78.25351534480677,"0xfbf2a4db9aef5757f3a758859a9132af55754fa3":41.73520818389695,"0x98940c00e5165cd6421b50b1c9e5f7c594bd9797":0,"0xc9c026d92314aaa032cf493db1058b143dbf9aff":0,"0xd84f7d807e085fd12abe9e874695db94d989caa5":0,"0xf72cd97a579fb4b06588812ad3bf3f9c739f02a3":0,"0x1e121993b4a8bc79d18a4c409db84c100fff25f5":0,"0xc45d05cdc809d20c7b14959e8cd4a1199e3e966f":0,"0x954c8952cfb768617141a2cbeb2b23faaf7b89cf":0,"0x44aac8a5450461b39eabfa1ca0758ff73498d7f9":1043.3802045974237,"0x97eda3c9f1e4c7ef743b552ab687aa49fca804c0":0,"0x3b82b31bbe0dc3fe0f13d17f9a4d0455ef562e06":52.010416438772374,"0x0e06386cc164e743f2750753a7cb823afe5a11b9":0,"0x23e817b3982ba0e033dab4fa1b47088418ad6b2a":18.821026186754242,"0xe8cc747b7feeb7cf32522d8b116ea54930208e2d":0,"0xdca6143e849247df9d1a32264fe5108fe31ae878":0,"0x4b04bb3b261dfbcdf044f0c5e32a7d57f647a1cb":0,"0x2c48a579668f76dbf59c20b9273da9083be65f52":1.147718225057166,"0xa5be26bdce2a21f08979b04e6433b1193ea04bb7":0,"0xa618f8841e70b0543a921768ea5b229ecd9a4ba8":0,"0xc6fbaf5fb912eed59c56651f0130d9e11e92d5fe":0,"0xdfc42b51d5dfd39a67c9e98444d5b7ad0314c775":0,"0xa9cc27c0789f4829d91810bde3e72f1799b94a7d":6.346724957122971,"0x8c213d6a206a9c1df3573d9dca364aa0f0752546":0,"0xef330d6f0b4375c39d8ed3d0d690a5b69e9ecd0c":0,"0x9cfb077e441b17d7126e2bba4203e0d263e27d24":5.110687219124842,"0x988e886b14a58dffa124230a489ad83f64008854":0,"0xfd97b4efda8d0e7fe38777b7d1b4b6aad0cb8a27":0,"0x3c5a328a5b33265740a8c1412bd82364d3b220c6":0,"0x4f13fb0dd3d43a4511c1c6ef49569287ee968ae5":3.686995004682382,"0x1552132ed939d420dd3141423d22009fd95a0aa3":0,"0xea22e820a89ba3e188f91966f6841b9902d964c7":130.01189998655033,"0x141bbbde978d42217ceb85d087a3b425343fa1eb":0,"0x9f6d8d7c57e989fedf1d50d9cf66c91def446405":0.6260281227584542,"0xe32650e748e7e4aba16181d9882d15ba328d5a78":22.95436450114332,"0x83cf51a12258848540e862d1ab8b2fe05518f716":6.396931058569313,"0x9d458d056ceedca9c7b7d71a093cad9e54f1d14d":0,"0x183b6267cb9f985a8aa7fc912672a21d644a4102":0,"0xccf2255b22c01edb3f109366e052f3051155c4d0":0,"0x9e1e1fc3bb6a678b7e59278b76e05bbc7e705ef5":0,"0x27756334f9dd3c3c0820e2f714a487158d2d4340":0,"0xf887f68f4fe09b71b02192bbec27faba313cf9b7":0,"0xd473781816837c7cd2fadc34e66f09786d2e2694":0,"0x0e6c677d8a38bf7133fa79d961d800171c26bb45":0,"0xf8aea31756f48fc0149515320f5104875b9d5c96":0,"0xff6146aad91a1a64000f7131624b02e764ecf1f8":0,"0xdd21be69badb67067b9cea9227cc701551a545c6":0,"0x4bb17f45b9a00451383166782c9cd6075ad5eeb3":41.73520480123513,"0x7bd2b1c17638c44933ffd0d65734136a1b2ed67a":0,"0x29043e78830f5934195c9927870b9bde9b9aadac":0,"0x4ffd0a59a26cb2aa76d403215e4cc2845c053994":0,"0x21c8dc59f2e9a11c4c1a0c310641968132c6b1be":939.0421841376814,"0xe259bc0b82c40791b5c0b882bc1e25a477e1f5fb":0,"0x986fcc6b0d290308ad6f6a0e8471f74f53dec06a":0,"0xc315155d817140250d238f140142a10b69fa1c4e":0,"0x16643680f8423948c469b2ea02a1544337535532":0,"0xaa9d5cdadec5b530fa6d9cbb5905e38742629134":0,"0x9b3780d3e439650a16c78cba5f9b82b483eeaa81":0,"0x87fc1313880d579039ac48db8b25428ed5f33c4a":0.4236836210159133,"0x4df37cc3c48ec3eb689c8bf0d91249ce2506f73b":5.080140642704619,"0xc399cb4679a5f59a6a4f00473437d0273dd5d7b4":20.238600951292305,"0xc6654898d96e97199a8d14e534fe92dd6b2674bd":0,"0x3dd1b656fcc459cc4cf203b53aaabf8c85181f1d":0,"0xe0ba6c4c82376c76386d1ca2ae2516ab18882e3c":0,"0x3c7e870ce51a3429a3d2dfc4454282a8676f2029":0,"0x2e6f53f0fb64aac1cffed22e10d2d52de1dbca8a":0,"0xc9176e167e4ec7883b7e0a0446f265c0288b7983":0,"0x97c1e7465f0d7424ffda9f4dfeb6532f983f8a5c":0,"0x6d15eff7c4d740c4683a23abeb432f0a1b255a12":0,"0x2b5a0be5940b63de1eddccca7bd977357e2488ed":0,"0x02d7f554e465e34f7d84610c4a258c22529ff610":0,"0x6d91286c1228313828d8284f117cc4fa6c04535e":0,"0xbdfaf011bfb1a0c8bdce7fa2add4e3aab635c909":0,"0x68db64a8cc0aea50b479bdd5bc3b3dd5e5821ed4":0,"0x6728da53d8bc7c574874745dd2c71b9ae6eae820":0,"0x29ae8d5adcb1fd41aead285af28e9541ce002c20":0,"0xd05a99199a4ce3b24e80ed552fd8f8b0ac870910":0,"0x1f1108c1a8ac0feb8050c13e22b2692a5d0d3043":0,"0x58ec4a83b46037fef8d50b795b8fe980d4590cfc":0,"0x2017e5195ff122d29ab94dd422c50e4b52b7abd7":0,"0x2b2259af39eca02ca3ebc187da27bdbfafaa3e08":0,"0xc40d9c885c9b732884135869ebb702d48a43f895":0,"0xe49f9c282fe9c9bec52905cf11fbb93a59568fd9":0,"0xa235bd9f773499f723e8e94b0a2875c41d968672":0,"0x90a97b2a5f7484bdd334dd216ffdd393c7decb42":0,"0xb2d7c3aec073443011a42a25f8577920890b37cc":60.29278785039695,"0xec20749241a29c7f3752d30e14dec845442861d0":0,"0x5ad911da81b204627df872780981b0d90f25c33f":0,"0xcba1a275e2d858ecffaf7a87f606f74b719a8a93":166.74725080002997,"0x493a66eb68a597c0d73595c323bd0394a66d44c5":0,