{"details":{"chainId":"10","total":179856.34477254594,"startBlock":"28079330","endBlock":"28355235","includedVaults":{"10":["0xB9C8F0d3254007eE4b98970b94544e473Cd610EC","0x062016Cd29Fabb26c52BAB646878987fC9B0Bc55"],"56":["0xA56F9A54880afBc30CF29bB66d2D9ADCdcaEaDD6","0x014A177E9642d1b4E970418f894985dC1b85657f"],"137":["0xff2c44Fb819757225a176e825255a01B3B8BB051","0x7CbF49E4214C7200AF986bc4aACF7bc79dd9C19a","0x1F0aa72b980d65518e88841bA1dA075BD43fa933","0x578375c3af7d61586c2C3A7BA87d2eEd640EFA40","0x305f113ff78255d4f8524c8f50c7300b91b10f6a","0x98B5F32dd9670191568b661a3e847Ed764943875","0x3fd939B017b31eaADF9ae50C7fF7Fa5c0661d47C","0x37131aEDd3da288467B6EBe9A77C523A700E6Ca1","0x7dda5e1a389e0c1892caf55940f5fce6588a9ae0","0xF086dEdf6a89e7B16145b03a6CB0C0a9979F1433","0x88d84a85A87ED12B8f098e8953B322fF789fCD1a","0x305f113ff78255d4F8524c8F50C7300B91B10f6A","0x61167073E31b1DAd85a3E531211c7B8F1E5cAE72","0x11A33631a5B5349AF3F165d2B7901A4d67e561ad","0x701A1824e5574B0b6b1c8dA808B184a7AB7A2867","0x649Aa6E6b6194250C077DF4fB37c23EE6c098513","0x178f1c95c85fe7221c7a6a3d6f12b7da3253eeae"],"250":["0x5563Cc1ee23c4b17C861418cFF16641D46E12436","0x1066b8FC999c1eE94241344818486D5f944331A0","0x75d4ab6843593c111eeb02ff07055009c836a1ef","0xC1c7eF18ABC94013F6c58C6CdF9e829A48075b4e","0xD939c268C49c442F037E968F045ba02f499562D4","0x8e5e4D08485673770Ab372c05f95081BE0636Fa2","0x7efB260662a6FA95c1CE1092c53Ca23733202798","0x571F42886C31f9b769ad243e81D06D0D144BE7B4","0x3609A304c6A41d87E895b9c1fd18c02ba989Ba90","0xE5996a2cB60eA57F03bf332b5ADC517035d8d094","0x7aE52477783c4E3e5c1476Bbb29A8D029c920676"]}},"values":{"0x73767570ebec5800b75a48cce2fc0a8d1031871d":41.477529291127595,"0xa4c63a2e8d0556ddb36c6544625284c663642387":236.88953868785947,"0x28a48d16d5e8d79f6de73f2c1b3b9e423f95b9f5":24.66928451724599,"0x20665e0b5fb3e81abefa4d2ab515bdf0e6fa6700":24.429715338523543,"0x8d530eda738c0d8f2f10b52b44661d4bbb0ae336":5.106348590671108,"0x26e3ff43b7dc911a752f2e44378516ae575dd4c9":2.5530916953101173,"0xf2d11b31904370fca59b7243002933d61e21a013":0.8042369916666305,"0x1a69208eb1cf5576807e373fc01594cbcc3d022f":11639.507800952342,"0xb1328907b14700379905d6d733fb0b31e46f3d62":8.680662115465498,"0x0f504b06bf14f9584baf9dcbb3caca645b136ba5":6.927426409446429,"0x25612e8bd7683de22da45d717d0493b0e96424b4":46.8966771692774,"0x0a3043f9d2b1c6ccfc492eb59af5156f378c57bd":25.475457055038458,"0x39e1c6a9517eb4709b4db48f49c7d8321da1af5a":0.08659283011808035,"0x260edfea92898a3c918a80212e937e6033f8489e":261.0089128060925,"0x6251d7293e3c012437a6cc9fa913de1e98348ecc":5.137652417699928,"0x373d41b30a9255e67934329539076c5a8354a2ab":0.9769152640813178,"0x0788305e71db160dac550c7c131f231c94dd4c06":5.03037966251268,"0x73bb129019992794002af6f53a86d671a4887901":711.87408852604,"0x81afcf6dd79897cba488471ecec2f41bf3f7ca9b":14.720781120073664,"0x3feb9298170a751e4e6c81195912fb6a5784139c":10.391139614169644,"0x480c44abb0b8b4f1d3bbf7b8eb4eac47708a5ec3":62.96792832266781,"0x6333fb66b14e76b579d4a7f87dadb69b5ad8404d":0.43296415059040183,"0x56e7d2a9d752bbc63b47215ea3608eb85a5968d7":164.0287898503045,"0xf323bcdd5cf7208ec07c6882430ad99f07cbe8f5":140.7711810993192,"0x49d69cd071c75a9848085ff1352553b17c21ae91":21.648207529520093,"0x5d643f55b82e89f394c4a688ed6b91eb1d88e931":115.32067163749532,"0xf82c65d8feeb9f1d7121d880c279a51aff6c0376":99.44025092698541,"0x9c22006fe75ad2a354e37931296969d2d9116760":3.211010668702983,"0xdd876033288d1d4e26f7458c832e2da1c8519419":303.0749054132813,"0xa4dda080e000478eb51c5a9e1122f98ca76ebd8e":1.3260308933049223,"0xf7c8a4a99ba34b4744d08999dd017b5faa4d3378":86.59283011808037,"0xc9d8679818d2d27d236c2a9a7704cc11c6e83da4":3.02318651945026,"0x18b0046ef6ee3fd03ba91a190e37e7ae72b89d8b":34.210193343572904,"0x6872d36a512f5c823ddd1b0c455801453889ca90":60.61498108265626,"0x0a1e69daaa4cde39f8519433f425a4e5ca8d59a1":25.97784903542411,"0x03886228bb749eeba43426d2d6b70eba472f4876":129.25963503110012,"0x48c7e0db3dad3fe4eb0513b86fe5c38ebb4e0f91":17.31056626996573,"0x6f3a8f9fd0da6b3ea4860ad7df347a06f1c65bdb":51.376524176999276,"0x50a708e5dfe836601931af3ff6169e5f4e5536ea":3.1610859040280963,"0x64e4748ac493c5c157f2caa6952c37d86980bb23":227.0824966371261,"0x2e690a44d237e5378a496892d49a62896c991580":34.198168598219425,"0xc928499a080594c8854d1a46dcae5e862acc5d08":831.9019919265194,"0x54bf5a30c00b29171fb846c24ef8328ce5e338d5":82.19630009097214,"0xd211b9d5da830e29ca1ec9be1d1723b91fa81e3f":39.78467150661135,"0x4127143a866bf5d8ad2afb6de8e63164b8ad5bf6":3394.6270963016136,"0xeefd6537adbda7b1a9da3f6607dda26b048489c2":39.0684457311677,"0x3585c5691d442442685623f071e0fcc9f5ae1e8e":0.029215851300502423,"0xf652f5fe6a9bbd134ee069be313bdb7b37b33db7":0.04280911851332785,"0x34ff77a853a14579d2120ac08c5e342cee08ad71":0.19135935790393857,"0x4ba5553e964df6658776975aa9760c372c6aa285":0.4826449115407866,"0xce82505be9badcd2bf727714151dd5d868b705b4":68.82861443141194,"0xc9c026d92314aaa032cf493db1058b143dbf9aff":4.397492109558353,"0x80b3153f39aeec1ef68adc038913698e103e6e1d":112.04347760611745,"0xddcda6f7592d23c56b4058f65e6e98f02cd6d2a7":0.5757682122193284}}