{"details":{"chainId":"56","total":179856.34477254594,"startBlock":"28079330","endBlock":"28355235","includedVaults":{"10":["0xB9C8F0d3254007eE4b98970b94544e473Cd610EC","0x062016Cd29Fabb26c52BAB646878987fC9B0Bc55"],"56":["0xA56F9A54880afBc30CF29bB66d2D9ADCdcaEaDD6","0x014A177E9642d1b4E970418f894985dC1b85657f"],"137":["0xff2c44Fb819757225a176e825255a01B3B8BB051","0x7CbF49E4214C7200AF986bc4aACF7bc79dd9C19a","0x1F0aa72b980d65518e88841bA1dA075BD43fa933","0x578375c3af7d61586c2C3A7BA87d2eEd640EFA40","0x305f113ff78255d4f8524c8f50c7300b91b10f6a","0x98B5F32dd9670191568b661a3e847Ed764943875","0x3fd939B017b31eaADF9ae50C7fF7Fa5c0661d47C","0x37131aEDd3da288467B6EBe9A77C523A700E6Ca1","0x7dda5e1a389e0c1892caf55940f5fce6588a9ae0","0xF086dEdf6a89e7B16145b03a6CB0C0a9979F1433","0x88d84a85A87ED12B8f098e8953B322fF789fCD1a","0x305f113ff78255d4F8524c8F50C7300B91B10f6A","0x61167073E31b1DAd85a3E531211c7B8F1E5cAE72","0x11A33631a5B5349AF3F165d2B7901A4d67e561ad","0x701A1824e5574B0b6b1c8dA808B184a7AB7A2867","0x649Aa6E6b6194250C077DF4fB37c23EE6c098513","0x178f1c95c85fe7221c7a6a3d6f12b7da3253eeae"],"250":["0x5563Cc1ee23c4b17C861418cFF16641D46E12436","0x1066b8FC999c1eE94241344818486D5f944331A0","0x75d4ab6843593c111eeb02ff07055009c836a1ef","0xC1c7eF18ABC94013F6c58C6CdF9e829A48075b4e","0xD939c268C49c442F037E968F045ba02f499562D4","0x8e5e4D08485673770Ab372c05f95081BE0636Fa2","0x7efB260662a6FA95c1CE1092c53Ca23733202798","0x571F42886C31f9b769ad243e81D06D0D144BE7B4","0x3609A304c6A41d87E895b9c1fd18c02ba989Ba90","0xE5996a2cB60eA57F03bf332b5ADC517035d8d094","0x7aE52477783c4E3e5c1476Bbb29A8D029c920676"]}},"values":{"0x189e52934d6cb392ec7d2617535a5ea528a48942":11.350631479827417,"0xbf3450be50a88ecfced28b3ef1f61976ce41115d":495.8529507158072,"0x226d5fdd075d0c4448084e36046a92612e3d4ab7":464.874209371763,"0x487b4705d624b1ecbdc490fa0d645b7421e7c8a4":316.15031442874465,"0x512b7a8ebf0277366e3d020fff655f2bda39fe1e":2.1525462108073894,"0x2d6c3aaaa53be2989f8c0a49cd143bbae8a3aeac":4795.612895634248,"0x00a67dc242df79dd7f6145ce38840581ae90c110":509.5074988013891,"0xdceb0bb3311342e3ce9e49f57affce9deac40ba1":27.89245256230578,"0xbcf0fd9c42cc8cb2060c4930d2c1d277f18146a5":37.18993674974104,"0xdfd874a2f0e45e22de4c1f80f0c6e3c97fe008e0":234.47850956353625,"0x91732345ddaa779f0d37fad1a9b59e0663acf8d4":230.47041062389349,"0xeb7989a7c04b70cea2bef6c2160ab7afca2a0d98":0.8293419936803957,"0x63565663169428048a4c69f278129d1214603b54":6.572161399262016,"0xb69affefc0b1ae8996176fc7733b2ae4e09356e0":112.14161287817512,"0x6a55fa2f0e05040d8ac50cc501364a2b3fdfd03c":198.497181600127,"0xf5e2020ca6f22169e6c68a7165852dcc4d59178c":127.76373228865546,"0x2bdab32fc7285ea127cd72046d7a0f9c5bf0dcbc":1849.6007642971683,"0x947ebecd725e07bac225363f328de957aa5819b3":146.53997342613744,"0x17bf1a2ac1c903c8a7bf9fd6152f071d8a5a408c":5241.566774217234,"0xd131f1bcdd547e067af447dd3c36c99d6be9fdeb":1.8209913703235647,"0x991333c1644254e42f7aae84079ee70740674c62":32.74141443180193,"0x794cd3f8e9bebdd990dbbeece6630520c99c44fc":18.205637022370908,"0xa2d28ba9cfc03ed096c8d240674eeafc143c05f4":32.98263669748003,"0xf6a863fd6344f245ef686beb8d16b1e81391d6da":23.921499004200477,"0x8a587ab45ba8594b46bb98d73e23df4f95e935c8":855.1483171658081,"0x4b4502ae3ef491d0ab3c5c4558a6fbdb828d1f46":17.351178603429954,"0xb9e4c6b2e2a9769d681f7de17316698c1d36b344":39.98212713581866,"0xcc58accacd0db8010e4c8a20ba49d2dc9d4d7f59":162.28511685303644,"0xee8d39ab46c685889b3e4a31347dedb5739d553d":53.603157933671255,"0xf7c668dfcaca968f2ce01226ddb15eeb7210cf1d":6.327452490299067,"0xae477e884011c4bcd5584a01bdf02aa4de540aba":49.886461532261706,"0x60876b1bef6613138e5a465fd995836dba6ecf56":1253.9938401808681,"0x383dc52b03c01b294d6f6e1d453b8d6b3f30ae02":1562.3387565737544,"0xb41a129c22b8f135fc1b81e93ee1d4eca49c31b9":2.5640314938403175,"0x24a30823bd87e785b0c4b3803a2bffd91eb6876f":113.32765366067215,"0xebcab317b445e3bd83f44ffeacd70de60c011a3d":41.91977773954839,"0x1fac6eee2197c98d1ef0f166eccffa8632e9a279":1.115521898939736,"0x172ff17e137f470f1fa99a2f81a971fe996f24b5":21.43617042332751,"0x5135b3594e412e953f41926af79dee9a591e32ed":154.58010916422606,"0xae35f25d082b33db3d3a8d37f41e12ff2f979071":129.41054913105523,"0xc9d8679818d2d27d236c2a9a7704cc11c6e83da4":10.485536789126192,"0x6877fdeac0d0d5d61b4ca3bbd42501a2ff02c144":736.9816796009435,"0xeb54669ac46b44d6a29eedda0daf7d9a8c4f7386":0.6963990646030315,"0x19a29129e697cfef6e83d0f574a3b07095715908":0.6550141391830197,"0x56ee0f36fed67fa25465356d053fce7831375293":3.809932857969218,"0x262d07d8e8b9c8c54722a6941a5532e03fc966e9":0.03997041669507428,"0x7be7a0f8759eb126eee98fd4a6042133320b45c6":6.120329167606578,"0x1ac85677c789f3491ec74dc10ffaf655ef27da2e":3.205421901296724,"0xa3e66ec6feaa3b0ba55e28d3dc0e2a7313df8837":387.2626796655578,"0x7710c9df92bf59ea2323d25566a749fbffdfe56b":4.6973679056500615,"0xc6e3e084722fb6ffc35dd956d34ca533721d416d":0.353584836635314,"0x4340cde6633cfa3e92ce8a2d7e3fdc5f670a9af2":2.670977525474083,"0xc87584f79d99cd97da5c69c0280f8132ef67a089":1.5502847058295819,"0x37c7f3f6472a5458c20b0e67f1cc59f83eb4f2ad":0.18204861194731342}}