{"details":{"chainId":"1","rewardAddress":"0x559b7bfC48a5274754b08819F75C5F27aF53D53b","total":30368.85245901644,"startBlock":15862231,"endBlock":15912330,"includedVaults":{"1":{"0x559b7bfC48a5274754b08819F75C5F27aF53D53b":{"0x98eb27E5F24FB83b7D129D789665b08C258b4cCF":{},"0x60d133c666919B54a3254E0d3F14332cB783B733":{},"0x82E90EB7034C1DF646bD06aFb9E67281AAb5ed28":{},"0xEcbd32bD581e241739be1763DFE7a8fFcC844ae1":{}}},"10":{"0x3F56e0c36d275367b8C502090EDF38289b3dEa0d":{"0xbf1aeA8670D2528E08334083616dD9C5F3B087aE":{},"0xAB91c51b55F7Dd7B34F2FD7217506fD5b632B2B9":{},"0x062016Cd29Fabb26c52BAB646878987fC9B0Bc55":{},"0xB9C8F0d3254007eE4b98970b94544e473Cd610EC":{},"0xF9CE2522027bD40D3b1aEe4abe969831FE3BeAf5":{}}},"137":{"0x580A84C73811E1839F75d86d75d88cCa0c241fF4":{"0x11826d20B6A16A22450978642404dA95B4640123":{},"0x11A33631a5B5349AF3F165d2B7901A4d67e561ad":{},"0x1F0aa72b980d65518e88841bA1dA075BD43fa933":{},"0x701A1824e5574B0b6b1c8dA808B184a7AB7A2867":{},"0x3fd939B017b31eaADF9ae50C7fF7Fa5c0661d47C":{},"0x61167073E31b1DAd85a3E531211c7B8F1E5cAE72":{},"0x7dDA5e1A389E0C1892CaF55940F5fcE6588a9ae0":{},"0x37131aEDd3da288467B6EBe9A77C523A700E6Ca1":{},"0x88d84a85A87ED12B8f098e8953B322fF789fCD1a":{},"0xa3b0A659f2147D77A443f70D96b3cC95E7A26390":{},"0x305f113ff78255d4F8524c8F50C7300B91B10f6A":{}}},"1088":{"0xDeadDeAddeAddEAddeadDEaDDEAdDeaDDeAD0000":{"0xc09c73f7b32573d178138e76c0e286ba21085c20":{},"0x10dcbee8afa39a847707e16aea5eb34c6b01aba9":{}}}}},"values":{"0xeefd6537adbda7b1a9da3f6607dda26b048489c2":6.524302673006056,"0xa532f169cee0e551d4da641031ac78fd85461035":3.9931612065159956,"0x598c5e19a132a5c433a80c908f05d87bfdaac4ae":299.1116368738212,"0x118e2ae07382d8ac768712e095bab4a06590e4a5":10.330145898926254,"0xa44d3bbdd1ffeff9471b250fae74b29c1659f226":8.155378341257569,"0x2479b47559f85b79894553f776529847e5bb389a":33.66209991619427,"0x62ace6e511476adcc8635b92e457f604bd22ad32":11.417529677760596,"0x315e6635a6ad955f08b044a6ef67b53d6b72d621":8.155378341257569,"0x8a2806405aa43150f3f9ed50230ed6c19010b506":5.443530750721208,"0x80b3153f39aeec1ef68adc038913698e103e6e1d":21103.065430277526,"0xfd8a63085804dcb95417fe33f9e49253522c68dd":1396.9345697225035,"0x967e31545b1683eab2b7a110a080731ed983b2b8":761.8848808155809,"0x3a1bbd14c1c0e2ebf7cd906961d122dadd5448a7":459.5023556529573,"0x2f463642fa60cb1f1fd1c57af25b34b7a9a99586":2311.344296368997,"0xa11cba2199d349c35f4c4ef6a4760406c69f9f79":201.5576841751178,"0x08888ce68d8de3d2616f96270f06b1b6fb3a18f6":1043.1526327354052,"0x91831208ef824bbb986996312f2f0d92cca7bb90":873.8898594141192,"0xe36d639a953f563e129ef289a04818bb04a2bcbe":1419.5323931525597,"0xbd033241cf0a5eae1c8d24f30a81660f2c420bd6":183.2342583410162,"0x1d3b180c38c342dcae23c71dc9637fc829211cc6":21.368655451147234,"0x658d6ecc9c9ad22e05492c93a68b88feff61b93a":64.1059663534417,"0x9eb408e53dfa0c877b65bbe874de81247212380e":142.48631287660805}}