{"details":{"chainId":"1088","rewardAddress":"0xDeadDeAddeAddEAddeadDEaDDEAdDeaDDeAD0000","total":187.49999999999923,"startBlock":3906636,"endBlock":3954202,"includedVaults":{"1":{"0x559b7bfC48a5274754b08819F75C5F27aF53D53b":{"0x98eb27E5F24FB83b7D129D789665b08C258b4cCF":{},"0x60d133c666919B54a3254E0d3F14332cB783B733":{},"0x82E90EB7034C1DF646bD06aFb9E67281AAb5ed28":{},"0xEcbd32bD581e241739be1763DFE7a8fFcC844ae1":{}}},"10":{"0x3F56e0c36d275367b8C502090EDF38289b3dEa0d":{"0xbf1aeA8670D2528E08334083616dD9C5F3B087aE":{},"0xAB91c51b55F7Dd7B34F2FD7217506fD5b632B2B9":{},"0x062016Cd29Fabb26c52BAB646878987fC9B0Bc55":{},"0xB9C8F0d3254007eE4b98970b94544e473Cd610EC":{},"0xF9CE2522027bD40D3b1aEe4abe969831FE3BeAf5":{}}},"137":{"0x580A84C73811E1839F75d86d75d88cCa0c241fF4":{"0x11826d20B6A16A22450978642404dA95B4640123":{},"0x11A33631a5B5349AF3F165d2B7901A4d67e561ad":{},"0x1F0aa72b980d65518e88841bA1dA075BD43fa933":{},"0x701A1824e5574B0b6b1c8dA808B184a7AB7A2867":{},"0x3fd939B017b31eaADF9ae50C7fF7Fa5c0661d47C":{},"0x61167073E31b1DAd85a3E531211c7B8F1E5cAE72":{},"0x7dDA5e1A389E0C1892CaF55940F5fcE6588a9ae0":{},"0x37131aEDd3da288467B6EBe9A77C523A700E6Ca1":{},"0x88d84a85A87ED12B8f098e8953B322fF789fCD1a":{},"0xa3b0A659f2147D77A443f70D96b3cC95E7A26390":{},"0x305f113ff78255d4F8524c8F50C7300B91B10f6A":{}}},"1088":{"0xDeadDeAddeAddEAddeadDEaDDEAdDeaDDeAD0000":{"0xc09c73f7b32573d178138e76c0e286ba21085c20":{},"0x10dcbee8afa39a847707e16aea5eb34c6b01aba9":{}}}}},"values":{"0x23e817b3982ba0e033dab4fa1b47088418ad6b2a":0.6778116058147544,"0x3982f7e1051ce72a4f8088d28580f41e242333c5":0.9250590815716373,"0x7fe4d3f9a56444a7a779d691b1c1c2421c0c9aab":0.891100405711449,"0x598a69c02d6c71a4ba9180f38e463e25d24083b1":0.18026059567014172,"0x24a30823bd87e785b0c4b3803a2bffd91eb6876f":0.46567320548119945,"0xe0eae533863f6818342fa589f7b466fc3bcbbb74":2.967038832204043,"0x2c48a579668f76dbf59c20b9273da9083be65f52":0.03106703177290586,"0xc399cb4679a5f59a6a4f00473437d0273dd5d7b4":4.806949217870446,"0xd3f85ade70adf48ed17c8cb182b8b1aff542e51f":3.364144491375765,"0x5d6c710647b47d257f1974d4f0666e65d2c0728a":0.39265610888701313,"0x092e7471a55c416f12d3340c6cce1a4bcc373089":4.23958514247962,"0x7c818d46acef870ea88137bf553594f4803872ca":0.7510858152922572,"0x5d98609f4a43ed4d36dae38a58365b352109c7a6":0.3379886168815157,"0xe5ae5aac9a19ec43abdd161e95640a1cc12ae348":1.9639714302694056,"0x152ce5033cd865edc7bcec99333706c6cae13220":0.0291644186110118,"0x73bb129019992794002af6f53a86d671a4887901":0.6722427647213088,"0xcba1a275e2d858ecffaf7a87f606f74b719a8a93":9.286018385970053,"0xf3386f459c962d81c1c5a78befe9f92ff8e15e0e":1.1288617740242592,"0x3a542300159d084382e228ec8f54a402451e5a67":0.2649196418861046,"0x9cfb077e441b17d7126e2bba4203e0d263e27d24":0.11548864954817369,"0x4f13fb0dd3d43a4511c1c6ef49569287ee968ae5":0.05308227311325749,"0x98771bba24d57af722b4b43f55e002df4f7d29b2":0.5641121151977635,"0x48cf1cba8cd942818aab23f1af48470020138891":49.133326684147896,"0xea22e820a89ba3e188f91966f6841b9902d964c7":1.9833696466442794,"0x9f6d8d7c57e989fedf1d50d9cf66c91def446405":0.05497081017444789,"0x81f45b90e54589b9251abd2a65c8c55f1e83d0cb":1.250075829134075,"0x0a66a105ea8a4fc5a0475b37cd4be050621b95d4":1.4822106280865832,"0xb7d4cc582bf137166e1499960754d32558e18440":0.7547869306552096,"0xd1275eb5d5ea553bb52f00cf8025f07b50a66329":0.15040619958795282,"0x6f3a8f9fd0da6b3ea4860ad7df347a06f1c65bdb":0.3078136262477222,"0x616fa7037c11bd5e05f8b0d6ef281c9ca8ab7498":0.22532574458767715,"0xfaa41900848b7f68f4859676432811e6fc46a15c":0.15954860489012615,"0x5751a4548842e307d221c1d53e11971c8d643e1a":0.05676024738704688,"0x3b82b31bbe0dc3fe0f13d17f9a4d0455ef562e06":1.7118557551507891,"0x368955efb1bf001683cb5f7ab223380caf0b86e5":0.12017373044676115,"0x5275817b74021e97c980e95ede6bbac0d0d6f3a2":0.3176321583389432,"0x44aac8a5450461b39eabfa1ca0758ff73498d7f9":24.994229177939793,"0x3d045f52223a9595fb18377b6ca7ac8e220ab35a":1.674324130087016,"0x3c61a6857adb1f4ba6a0155b990bf7a7fa530390":0.042397856418007814,"0xe456ff3e321be2675a5aeb56b3623586254c3419":0.08637486875860957,"0xfbf2a4db9aef5757f3a758859a9132af55754fa3":0.9251158657634966,"0x8cc553fd466fd2c163bcda9a24d354f63318d20d":0.06626292370565623,"0x50cd4175e0bb2cc85c225911096dbdd01dd14926":1.652388793646108,"0xd670a99b9ad6b9fe256294f51cfe5f38e51d54aa":0.4506514891753543,"0x598c5e19a132a5c433a80c908f05d87bfdaac4ae":14.719789841318786,"0x25132de651514b6c417c734558694fc576294d03":5.870501103032903,"0x38bca3a2678632b0a52c381010ca0b39ef202723":0.23082685141169365,"0x37069f8c6125a3ff9e81e277839db84f4463b254":0.027482166303187325,"0x64f961eec2ba222dcba8fa354f03e27529b96f5b":0.4261155725721865,"0xf5b6d7f8a390c6af686903ac6c9793ddec73c895":0.024570273233778205,"0xc5ebbc325f9c5520f703c5d6ca36361d4bea5ab8":0.02690485305364676,"0x58ec4a83b46037fef8d50b795b8fe980d4590cfc":0.3294433815422185,"0x39ea1a9f8caa308ebb3f9da4829f1fff7b74b72c":0.38630073224330025,"0x8daf5d971c5394db1c6aeaf05e5e339b1c61b64b":0.157728021211374,"0xed51d70c30acbab4ca261057c4dd94f8942127de":2.5111955245148665,"0x5227085573fdf8ea8654997dec553836a50d3ef0":0.06759772337630314,"0x131175cb0b6bd3fed188bf30bf590f31f4386533":0.020569840686157675,"0xb2d7c3aec073443011a42a25f8577920890b37cc":0.2803189910622341,"0xdb23905e09bc6934204991f02729392a11eed8f8":0.14115462807328882,"0xc7ac35c412cb902f1c90d1498d04758f3d23d8a0":0.009060914211611948,"0x5929cc4d10b6a1acc5bf5d221889f10251c628a1":0.004859780405952174,"0xa77208ebcab6a884b2617731ce2888c6abf72dda":0.00566655080939771,"0x8aec81d55d5a676f7884f8d2d2d80a64373b1c10":0.001553375219048159,"0x3f3c61e7b3fda491cafecb644fd3b682b4ca8777":1.50119517847e-7,"0x32524b1df07d622d38319d81ea1c4f4a29187437":1.1782497526101452,"0x19241812c6434bb55d7828b81268070dbbf9f70b":0.07653499347862046,"0xd6fd705ee0b31a9300d3e2154bcce777270cbb6f":7.411559581335175,"0xa2e05af8d9271bb0acec0909de1173005cbb05cb":0.02374303034978227,"0x93beca36d5bcdc7be0f9ca38b1b5f5f5292aa859":2.532983669744838,"0x1ffac7df7864dc7da6fb59f991e52c2955f95c84":0.012228493813384778,"0x367947a84d47f9722f043042bb6b0e7b3369ecea":0.06126286084964259,"0xff4f7b726ee86f810531d2842b3bdd8a512db594":0.04095043816435624,"0xd956d35c348daa334245402a31fde52120b1dcff":0.034937257561629714,"0x4ffcb4a325dc359b39215c694bbfbfaf6485097b":0.08380382138175663,"0x664fe0585ee5df5d0d18f481fcd197c6d00ab25c":0.5414676860378541,"0x98940c00e5165cd6421b50b1c9e5f7c594bd9797":0.06580742400777809,"0xc9c026d92314aaa032cf493db1058b143dbf9aff":0.017755342797727884,"0xd84f7d807e085fd12abe9e874695db94d989caa5":0.6742892750700629,"0xf72cd97a579fb4b06588812ad3bf3f9c739f02a3":0.01786562925079911,"0xc45d05cdc809d20c7b14959e8cd4a1199e3e966f":0.058974558611868906,"0x954c8952cfb768617141a2cbeb2b23faaf7b89cf":0.03534413252632885,"0x97eda3c9f1e4c7ef743b552ab687aa49fca804c0":0.05585905633092342,"0x0e06386cc164e743f2750753a7cb823afe5a11b9":0.015586611265054427,"0xe8cc747b7feeb7cf32522d8b116ea54930208e2d":0.029217672097521852,"0x4b04bb3b261dfbcdf044f0c5e32a7d57f647a1cb":0.01959528746323379,"0xa4591bdce93938e032e84f8cea1d4ceedf654d52":0.05917242316975263,"0xa5be26bdce2a21f08979b04e6433b1193ea04bb7":0.014137583272994443,"0xa618f8841e70b0543a921768ea5b229ecd9a4ba8":0.11781319394162036,"0xc6fbaf5fb912eed59c56651f0130d9e11e92d5fe":0.06540642034630688,"0xdfc42b51d5dfd39a67c9e98444d5b7ad0314c775":0.23562638788324072,"0x8c213d6a206a9c1df3573d9dca364aa0f0752546":1.4238690024180383,"0x988e886b14a58dffa124230a489ad83f64008854":5.97145474717757,"0xe32650e748e7e4aba16181d9882d15ba328d5a78":0.5053447044881207,"0x183b6267cb9f985a8aa7fc912672a21d644a4102":1.605367124722498,"0xf887f68f4fe09b71b02192bbec27faba313cf9b7":0.035860460529706484,"0xd473781816837c7cd2fadc34e66f09786d2e2694":0.011781319394162037,"0x7bd2b1c17638c44933ffd0d65734136a1b2ed67a":0.5301593727372916,"0x29043e78830f5934195c9927870b9bde9b9aadac":0.014583535558007716,"0xe259bc0b82c40791b5c0b882bc1e25a477e1f5fb":0.016278116607481026,"0x986fcc6b0d290308ad6f6a0e8471f74f53dec06a":0.06452681932528335,"0x16643680f8423948c469b2ea02a1544337535532":0.02842033848195379,