{"details":{"chainId":"1","rewardAddress":"0x559b7bfC48a5274754b08819F75C5F27aF53D53b","total":22755.00000000003,"startBlock":16313268,"endBlock":16363420,"includedVaults":{"1":{"0x559b7bfC48a5274754b08819F75C5F27aF53D53b":{"0x60d133c666919B54a3254E0d3F14332cB783B733":{},"0xEcbd32bD581e241739be1763DFE7a8fFcC844ae1":{},"0x8C45969aD19D297c9B85763e90D0344C6E2ac9d1":{}}},"10":{"0x3F56e0c36d275367b8C502090EDF38289b3dEa0d":{"0x86f78d3cbCa0636817AD9e27a44996C738Ec4932":{},"0xB9C8F0d3254007eE4b98970b94544e473Cd610EC":{},"0x062016Cd29Fabb26c52BAB646878987fC9B0Bc55":{},"0xF9CE2522027bD40D3b1aEe4abe969831FE3BeAf5":{},"0xa478E708A27853848C6Bc979668fe6225FEe46Fa":{},"0xAB91c51b55F7Dd7B34F2FD7217506fD5b632B2B9":{}}},"137":{"0x580A84C73811E1839F75d86d75d88cCa0c241fF4":{"0x1F0aa72b980d65518e88841bA1dA075BD43fa933":{},"0x61167073E31b1DAd85a3E531211c7B8F1E5cAE72":{},"0xF086dEdf6a89e7B16145b03a6CB0C0a9979F1433":{},"0x305f113ff78255d4F8524c8F50C7300B91B10f6A":{},"0x11826d20B6A16A22450978642404dA95B4640123":{},"0x701A1824e5574B0b6b1c8dA808B184a7AB7A2867":{},"0x37131aEDd3da288467B6EBe9A77C523A700E6Ca1":{},"0x11A33631a5B5349AF3F165d2B7901A4d67e561ad":{},"0x3fd939B017b31eaADF9ae50C7fF7Fa5c0661d47C":{},"0x1DCc1f864A4Bd0b8f4Ad33594B758b68e9Fa872c":{},"0xa3b0A659f2147D77A443f70D96b3cC95E7A26390":{}}},"1088":{"0xDeadDeAddeAddEAddeadDEaDDEAdDeaDDeAD0000":{"0xC09c73F7B32573d178138E76C0e286BA21085c20":{},"0x10DcBEe8afA39a847707e16Aea5eb34c6b01aBA9":{}}}}},"values":{"0x80b3153f39aeec1ef68adc038913698e103e6e1d":21291.19886297294,"0xfd8a63085804dcb95417fe33f9e49253522c68dd":1208.8011370270901,"0x658d6ecc9c9ad22e05492c93a68b88feff61b93a":2.4278704692245254,"0x9eb408e53dfa0c877b65bbe874de81247212380e":9.776586119182966,"0xb4c82b6d3767c6f2d6cae7f13bd5f6b3df7ba221":0.9776586119182965,"0x51a125f89cbe0bfbfd62fee8a750aaec8fabc441":3.582253738026625,"0x2a48d3be1b3603af83ff5f72df5b14b8cfd37164":13.235631061647808,"0x09fa38eba245bb68354b8950fa2fe71f02863393":3.4720750224683457,"0x6e868846b2182235c16fd122fcd44739e55a58e4":24.30209494778364,"0x1cdfb7f34e9d8bbaf5583a58783bfc4b67d3127b":69.43455699366754,"0xc399cb4679a5f59a6a4f00473437d0273dd5d7b4":3.4717313214112266,"0x1395de9daec52ad405e945603ea0a9346d00d01c":3.471727849683377,"0x947e7c813961b76133cc4492700e8b2fc93642e8":5.377706439159551,"0x0394b816fe290049b04bc8bf8e89d38a80f5ecba":27.773822749404417,"0x9aa8cc57ef8793975f60e23611af8804070a4f22":8.679319624208443,"0x82e8936b187d83fd6eb2b7dab5b19556e9deff1c":47.118607131236274,"0xd3f486244745a12263c702bd901d4c9a19390ef7":14.435211338734552,"0x50cd4175e0bb2cc85c225911096dbdd01dd14926":3.471727849683377,"0x3448a827d60cb53a0f3bbd86be781c24b25a6de6":5.312099108351092,"0x9f620ccbcb854f15575bcefffc41dac3173f2b48":3.471727849683377,"0xbcc181046fd96ccadf0cebe30d4ff67d4373a126":5.207591774525065}}