{"details":{"chainId":"1088","rewardAddress":"0xDeadDeAddeAddEAddeadDEaDDEAdDeaDDeAD0000","total":187.49999999999923,"startBlock":4255756,"endBlock":4291438,"includedVaults":{"1":{"0x559b7bfC48a5274754b08819F75C5F27aF53D53b":{"0x60d133c666919B54a3254E0d3F14332cB783B733":{},"0xEcbd32bD581e241739be1763DFE7a8fFcC844ae1":{},"0x8C45969aD19D297c9B85763e90D0344C6E2ac9d1":{}}},"10":{"0x3F56e0c36d275367b8C502090EDF38289b3dEa0d":{"0x86f78d3cbCa0636817AD9e27a44996C738Ec4932":{},"0xB9C8F0d3254007eE4b98970b94544e473Cd610EC":{},"0x062016Cd29Fabb26c52BAB646878987fC9B0Bc55":{},"0xF9CE2522027bD40D3b1aEe4abe969831FE3BeAf5":{},"0xa478E708A27853848C6Bc979668fe6225FEe46Fa":{},"0xAB91c51b55F7Dd7B34F2FD7217506fD5b632B2B9":{}}},"137":{"0x580A84C73811E1839F75d86d75d88cCa0c241fF4":{"0x1F0aa72b980d65518e88841bA1dA075BD43fa933":{},"0x61167073E31b1DAd85a3E531211c7B8F1E5cAE72":{},"0xF086dEdf6a89e7B16145b03a6CB0C0a9979F1433":{},"0x305f113ff78255d4F8524c8F50C7300B91B10f6A":{},"0x11826d20B6A16A22450978642404dA95B4640123":{},"0x701A1824e5574B0b6b1c8dA808B184a7AB7A2867":{},"0x37131aEDd3da288467B6EBe9A77C523A700E6Ca1":{},"0x11A33631a5B5349AF3F165d2B7901A4d67e561ad":{},"0x3fd939B017b31eaADF9ae50C7fF7Fa5c0661d47C":{},"0x1DCc1f864A4Bd0b8f4Ad33594B758b68e9Fa872c":{},"0xa3b0A659f2147D77A443f70D96b3cC95E7A26390":{}}},"1088":{"0xDeadDeAddeAddEAddeadDEaDDEAdDeaDDeAD0000":{"0xC09c73F7B32573d178138E76C0e286BA21085c20":{},"0x10DcBEe8afA39a847707e16Aea5eb34c6b01aBA9":{}}}}},"values":{"0x23e817b3982ba0e033dab4fa1b47088418ad6b2a":1.0267822629146852,"0x3982f7e1051ce72a4f8088d28580f41e242333c5":1.4903113534837045,"0x7fe4d3f9a56444a7a779d691b1c1c2421c0c9aab":1.2073404015083105,"0x598a69c02d6c71a4ba9180f38e463e25d24083b1":0.2722029869376629,"0xe0eae533863f6818342fa589f7b466fc3bcbbb74":2.046778395259834,"0x2c48a579668f76dbf59c20b9273da9083be65f52":0.034049744315522434,"0xc399cb4679a5f59a6a4f00473437d0273dd5d7b4":5.897731383649363,"0xd3f85ade70adf48ed17c8cb182b8b1aff542e51f":4.446029119889417,"0x5d6c710647b47d257f1974d4f0666e65d2c0728a":0.5584014175630632,"0x092e7471a55c416f12d3340c6cce1a4bcc373089":4.187996229165908,"0x09fa38eba245bb68354b8950fa2fe71f02863393":0.9753940365266255,"0x5d98609f4a43ed4d36dae38a58365b352109c7a6":0.510380600508118,"0xe5ae5aac9a19ec43abdd161e95640a1cc12ae348":1.9434779959880284,"0x152ce5033cd865edc7bcec99333706c6cae13220":0.04403980708432072,"0xb2d7c3aec073443011a42a25f8577920890b37cc":0.9028720221525657,"0x3a542300159d084382e228ec8f54a402451e5a67":0.5030605562137912,"0x9cfb077e441b17d7126e2bba4203e0d263e27d24":0.13362761745452378,"0x4f13fb0dd3d43a4511c1c6ef49569287ee968ae5":0.2619424888420331,"0x98771bba24d57af722b4b43f55e002df4f7d29b2":1.237223607487888,"0x48cf1cba8cd942818aab23f1af48470020138891":31.56371294422217,"0x81f45b90e54589b9251abd2a65c8c55f1e83d0cb":0.9438401479920152,"0xb7d4cc582bf137166e1499960754d32558e18440":0.9486923079284748,"0x6f3a8f9fd0da6b3ea4860ad7df347a06f1c65bdb":0.3968683835314253,"0x616fa7037c11bd5e05f8b0d6ef281c9ca8ab7498":0.3402537336720787,"0x368955efb1bf001683cb5f7ab223380caf0b86e5":0.022792369592277904,"0x44aac8a5450461b39eabfa1ca0758ff73498d7f9":25.03142182558357,"0x3d045f52223a9595fb18377b6ca7ac8e220ab35a":2.3259782803956193,"0x3c61a6857adb1f4ba6a0155b990bf7a7fa530390":0.10278237246279523,"0xe456ff3e321be2675a5aeb56b3623586254c3419":0.16086491664593588,"0xfbf2a4db9aef5757f3a758859a9132af55754fa3":1.023135596289556,"0xc40ebdc95e9fae4ada1a2c5093d0599afe0256bd":1.5901191153608476,"0x8cc553fd466fd2c163bcda9a24d354f63318d20d":0.06789998316339997,"0xd670a99b9ad6b9fe256294f51cfe5f38e51d54aa":0.6805074673441573,"0x598c5e19a132a5c433a80c908f05d87bfdaac4ae":29.107106768446652,"0x868d9a5ee67ec78fe793f5a9ca045b89a7330452":1.3704163084650214,"0x38bca3a2678632b0a52c381010ca0b39ef202723":0.269341499226182,"0x37069f8c6125a3ff9e81e277839db84f4463b254":0.04149951755920157,"0xf5b6d7f8a390c6af686903ac6c9793ddec73c895":0.03710240576563651,"0xc5ebbc325f9c5520f703c5d6ca36361d4bea5ab8":0.5962435772851217,"0x3f3c61e7b3fda491cafecb644fd3b682b4ca8777":0.02496572358418119,"0x5227085573fdf8ea8654997dec553836a50d3ef0":0.1020761201016236,"0x39c4ff8cc8139d9aeb4ce73afa167284c5184e26":0.25715995343667514,"0x131175cb0b6bd3fed188bf30bf590f31f4386533":0.04987035003350654,"0xc7ac35c412cb902f1c90d1498d04758f3d23d8a0":0.09073432897922097,"0x5929cc4d10b6a1acc5bf5d221889f10251c628a1":0.1694197756321148,"0x2b92e7f978871abbffceb49bc0570253bc2d7e86":0.13610149346883146,"0x20665e0b5fb3e81abefa4d2ab515bdf0e6fa6700":1.3610149346883147,"0x5aadb7a698bba2ac19b52877bb60a436a9965fa5":2.6771527485830533,"0x5e7765d3585058c7ad2bd69008cc551fbcd0ec20":0.3810841817127281,"0xc255bfb9f6d8bf563b3c6ccaa784c530569619e6":0.3795871913024886,"0x792404bde2640e8b861122a90f4058909d82de1e":0.03629373159168839,"0xcd9782e02d725dc66a7056ac7b49c0e84a49f333":0.040763278890440284,"0xd47b8e97830aeb8759b6c80f1375cbc534ea2bc4":1.133044933128022,"0xf0f76d69382191f08cd2f7d77c3d05def740a3c9":0.05217223916305206,"0x2414bd66e49f1adfdd5d9a17ce2cd6a98e2c2ac5":0.7550741255314768,"0x8a475e09de4bec7ebe8bbd411633d08f27acb23b":0.14729580625585906,"0x29cce4534e0fa0a2dc79b77ca5edf6cbccd0ba8d":2.2683582244805245,"0x2744ec05d936e5d0367591dd59d14f2e0da13694":0.012907105306985297,"0xcba1a275e2d858ecffaf7a87f606f74b719a8a93":3.396849381354392,"0x9f6d8d7c57e989fedf1d50d9cf66c91def446405":0.05530023222063635,"0x5751a4548842e307d221c1d53e11971c8d643e1a":0.013553339154240888,"0xf3386f459c962d81c1c5a78befe9f92ff8e15e0e":0.3112085740378918,"0x32524b1df07d622d38319d81ea1c4f4a29187437":1.082734477722309,"0x19241812c6434bb55d7828b81268070dbbf9f70b":0.1081396621362852,"0xd6fd705ee0b31a9300d3e2154bcce777270cbb6f":4.502213395262972,"0x367947a84d47f9722f043042bb6b0e7b3369ecea":0.10782420893211944,"0xd956d35c348daa334245402a31fde52120b1dcff":0.02820692831611094,"0x664fe0585ee5df5d0d18f481fcd197c6d00ab25c":0.6356299191147516,"0x98940c00e5165cd6421b50b1c9e5f7c594bd9797":0.09873415337164086,"0xc9c026d92314aaa032cf493db1058b143dbf9aff":0.026639224455127154,"0xd84f7d807e085fd12abe9e874695db94d989caa5":0.960230549380936,"0x24ec3be409cd0c4ef4f79a1bc08efc205484031a":0.02283712667684124,"0xc45d05cdc809d20c7b14959e8cd4a1199e3e966f":0.07080636553217565,"0x954c8952cfb768617141a2cbeb2b23faaf7b89cf":0.03605975633329113,"0x6bc03d43a138b295541739ebbf89b8bfdc2d00a5":0.027421019594280737,"0x3b82b31bbe0dc3fe0f13d17f9a4d0455ef562e06":1.229163249954113,"0xe8cc747b7feeb7cf32522d8b116ea54930208e2d":0.02105346192591486,"0x8c213d6a206a9c1df3573d9dca364aa0f0752546":2.246994066946225,"0x988e886b14a58dffa124230a489ad83f64008854":8.07546575592531,"0x51d18e5f6fa6534bb2fbaaf90fd6f3336327fd16":0.15908489842443851,"0xe32650e748e7e4aba16181d9882d15ba328d5a78":0.48642223372288707,"0x9d458d056ceedca9c7b7d71a093cad9e54f1d14d":0.0887253058423933,"0x183b6267cb9f985a8aa7fc912672a21d644a4102":1.7833460639207335,"0x9e1e1fc3bb6a678b7e59278b76e05bbc7e705ef5":0.018996327720862204,"0x04403d0a919ef68e5edbe4de46f9e89110fe60ad":0.026514149737406418,"0x158cbe24e0c054c5d06c5984763177ccd27839a8":0.33770444520964193,"0x7bd2b1c17638c44933ffd0d65734136a1b2ed67a":0.702626434529208,"0x29043e78830f5934195c9927870b9bde9b9aadac":0.023747779062066432,"0xe259bc0b82c40791b5c0b882bc1e25a477e1f5fb":0.024422868482658167,"0x986fcc6b0d290308ad6f6a0e8471f74f53dec06a":0.05610215466946384,"0x16643680f8423948c469b2ea02a1544337535532":0.0580939817409267,"0xaa9d5cdadec5b530fa6d9cbb5905e38742629134":0.03162615162455539,"0x9b3780d3e439650a16c78cba5f9b82b483eeaa81":0.4065502959735651,"0x87fc1313880d579039ac48db8b25428ed5f33c4a":0.6378547057763938,"0x3dd1b656fcc459cc4cf203b53aaabf8c85181f1d":0.03435290307943625,"0xe0ba6c4c82376c76386d1ca2ae2516ab18882e3c":0.22625589745336502,"0x3c7e870ce51a3429a3d2dfc4454282a8676f2029":2.1159284153843494,"0x97c1e7465f0d7424ffda9f4dfeb6532f983f8a5c":0.14017147161175528,"0x6d15eff7c4d740c4683a23abeb432f0a1b255a12":0.03188126699985975,"0x2b5a0be5940b63de1eddccca7bd977357e2488ed":0.02134710644838677,"0x02d7f554e465e34f7d84610c4a258c22529ff610":0.049470717200114964,