{"details":{"chainId":"250","total":2842.7387730553314,"startBlock":"36280716","endBlock":"36851036","includedVaults":{"250":["0x571F42886C31f9b769ad243e81D06D0D144BE7B4"]}},"values":{"0xdd03f927926c9ae1d06b0760535ff10576ce87e3":1.86414765557764,"0x2f0d360d090e6cbdb0116b26a492399c226741cd":11.370360317830972,"0x64e4748ac493c5c157f2caa6952c37d86980bb23":22.375650443627173,"0x20665e0b5fb3e81abefa4d2ab515bdf0e6fa6700":231.0948313966971,"0x256843ddd1345bbf2943ab33b11ccf68d80f769e":1087.5050889256333,"0x5d98609f4a43ed4d36dae38a58365b352109c7a6":0.0311212911352117,"0x6e868846b2182235c16fd122fcd44739e55a58e4":122.34432250413376,"0xd494033aecb97d4ff84b7fb2be33e76fed69f66a":1262.2999217498837,"0x1693451e031bd8203f52e0680c487b0b69e2ae8e":10.933052647593284,"0x81a5f3c04f2a7558b0f7fe7bd0c9f40a52aafead":18.351648375620062,"0x8dbb73adff0c48e4355b6e8aaa0c23603213b6c9":67.30847065072925,"0xa4a62f7127c644aaef733029e0d052e411fdafb4":4.581700727216261,"0x4ef4df2029de4d4442a031e9f3ed1e15e6c73111":2.3025148148077883,"0x23fc32698598980c628e8bc6a5dccf79b2652d73":0.3759415548458122}}