{"details":{"chainId":"1","rewardAddress":"0x559b7bfC48a5274754b08819F75C5F27aF53D53b","total":26162.79069767445,"startBlock":16212932,"endBlock":16263112,"includedVaults":{"1":{"0x559b7bfC48a5274754b08819F75C5F27aF53D53b":{"0x98eb27E5F24FB83b7D129D789665b08C258b4cCF":{},"0x60d133c666919B54a3254E0d3F14332cB783B733":{},"0x8C45969aD19D297c9B85763e90D0344C6E2ac9d1":{}}},"10":{"0x3F56e0c36d275367b8C502090EDF38289b3dEa0d":{"0xAB91c51b55F7Dd7B34F2FD7217506fD5b632B2B9":{},"0xF9CE2522027bD40D3b1aEe4abe969831FE3BeAf5":{},"0x062016Cd29Fabb26c52BAB646878987fC9B0Bc55":{},"0xbf1aeA8670D2528E08334083616dD9C5F3B087aE":{},"0xB9C8F0d3254007eE4b98970b94544e473Cd610EC":{}}},"137":{"0x580A84C73811E1839F75d86d75d88cCa0c241fF4":{"0x701A1824e5574B0b6b1c8dA808B184a7AB7A2867":{},"0x37131aEDd3da288467B6EBe9A77C523A700E6Ca1":{},"0x11826d20B6A16A22450978642404dA95B4640123":{},"0x88d84a85A87ED12B8f098e8953B322fF789fCD1a":{},"0xa3b0A659f2147D77A443f70D96b3cC95E7A26390":{},"0x3fd939B017b31eaADF9ae50C7fF7Fa5c0661d47C":{},"0x11A33631a5B5349AF3F165d2B7901A4d67e561ad":{},"0x1F0aa72b980d65518e88841bA1dA075BD43fa933":{},"0x1DCc1f864A4Bd0b8f4Ad33594B758b68e9Fa872c":{},"0x305f113ff78255d4F8524c8F50C7300B91B10f6A":{}}},"1088":{"0xDeadDeAddeAddEAddeadDEaDDEAdDeaDDeAD0000":{"0xC09c73F7B32573d178138E76C0e286BA21085c20":{},"0x10DcBEe8afA39a847707e16Aea5eb34c6b01aBA9":{}}}}},"values":{"0xeefd6537adbda7b1a9da3f6607dda26b048489c2":46.38971951888769,"0xa44d3bbdd1ffeff9471b250fae74b29c1659f226":69.58431356506084,"0x62ace6e511476adcc8635b92e457f604bd22ad32":122.32753287834593,"0x315e6635a6ad955f08b044a6ef67b53d6b72d621":69.58431356506084,"0x8a2806405aa43150f3f9ed50230ed6c19010b506":46.44595686542073,"0xd1c9a97c5687eaa1e22c89d7f38a568c99f30604":69.58431356506084,"0x9c47dc9f22154805fea6bccdb67b22bb8d441d42":46.389542376707226,"0x3448a827d60cb53a0f3bbd86be781c24b25a6de6":363.0191831134952,"0x2733a08e54a7bac5155b66a718b626dc76722d9b":46.389542376707226,"0xea22e820a89ba3e188f91966f6841b9902d964c7":55.66745085204867,"0xfb74196eccf35a260dd5cfd300baa37ae058b6c0":115.97385594176806,"0xd0b53c43d3e0b58909c38487aa0c3af7dfa2d8c0":463.89542376707226,"0x9f620ccbcb854f15575bcefffc41dac3173f2b48":79.07544878904939,"0x80b3153f39aeec1ef68adc038913698e103e6e1d":21419.33001461044,"0xfd8a63085804dcb95417fe33f9e49253522c68dd":1080.6699853895884,"0x09fa38eba245bb68354b8950fa2fe71f02863393":32.6891750029834,"0x6e868846b2182235c16fd122fcd44739e55a58e4":228.80134488639516,"0x1cdfb7f34e9d8bbaf5583a58783bfc4b67d3127b":653.7181282468433,"0xc399cb4679a5f59a6a4f00473437d0273dd5d7b4":32.685939098248575,"0x1395de9daec52ad405e945603ea0a9346d00d01c":32.68590641234216,"0x947e7c813961b76133cc4492700e8b2fc93642e8":50.63046903271801,"0x0394b816fe290049b04bc8bf8e89d38a80f5ecba":297.97119748046777,"0x9aa8cc57ef8793975f60e23611af8804070a4f22":81.71476603085542,"0x82e8936b187d83fd6eb2b7dab5b19556e9deff1c":443.61610404224683,"0xd3f486244745a12263c702bd901d4c9a19390ef7":132.23630423577947,"0x50cd4175e0bb2cc85c225911096dbdd01dd14926":32.68590641234216,"0xbcc181046fd96ccadf0cebe30d4ff67d4373a126":49.028859618513245}}