{"details":{"chainId":"1088","rewardAddress":"0xDeadDeAddeAddEAddeadDEaDDEAdDeaDDeAD0000","total":187.49999999999923,"startBlock":4201324,"endBlock":4226712,"includedVaults":{"1":{"0x559b7bfC48a5274754b08819F75C5F27aF53D53b":{"0x98eb27E5F24FB83b7D129D789665b08C258b4cCF":{},"0x60d133c666919B54a3254E0d3F14332cB783B733":{},"0x8C45969aD19D297c9B85763e90D0344C6E2ac9d1":{}}},"10":{"0x3F56e0c36d275367b8C502090EDF38289b3dEa0d":{"0xAB91c51b55F7Dd7B34F2FD7217506fD5b632B2B9":{},"0xF9CE2522027bD40D3b1aEe4abe969831FE3BeAf5":{},"0x062016Cd29Fabb26c52BAB646878987fC9B0Bc55":{},"0xbf1aeA8670D2528E08334083616dD9C5F3B087aE":{},"0xB9C8F0d3254007eE4b98970b94544e473Cd610EC":{}}},"137":{"0x580A84C73811E1839F75d86d75d88cCa0c241fF4":{"0x701A1824e5574B0b6b1c8dA808B184a7AB7A2867":{},"0x37131aEDd3da288467B6EBe9A77C523A700E6Ca1":{},"0x11826d20B6A16A22450978642404dA95B4640123":{},"0x88d84a85A87ED12B8f098e8953B322fF789fCD1a":{},"0xa3b0A659f2147D77A443f70D96b3cC95E7A26390":{},"0x3fd939B017b31eaADF9ae50C7fF7Fa5c0661d47C":{},"0x11A33631a5B5349AF3F165d2B7901A4d67e561ad":{},"0x1F0aa72b980d65518e88841bA1dA075BD43fa933":{},"0x1DCc1f864A4Bd0b8f4Ad33594B758b68e9Fa872c":{},"0x305f113ff78255d4F8524c8F50C7300B91B10f6A":{}}},"1088":{"0xDeadDeAddeAddEAddeadDEaDDEAdDeaDDeAD0000":{"0xC09c73F7B32573d178138E76C0e286BA21085c20":{},"0x10DcBEe8afA39a847707e16Aea5eb34c6b01aBA9":{}}}}},"values":{"0x23e817b3982ba0e033dab4fa1b47088418ad6b2a":1.121534225259292,"0x3982f7e1051ce72a4f8088d28580f41e242333c5":1.754023683489643,"0x7fe4d3f9a56444a7a779d691b1c1c2421c0c9aab":1.4003374740455519,"0x598a69c02d6c71a4ba9180f38e463e25d24083b1":0.3203696225551859,"0xe0eae533863f6818342fa589f7b466fc3bcbbb74":2.408958216515345,"0x2c48a579668f76dbf59c20b9273da9083be65f52":0.040074886235405865,"0xc399cb4679a5f59a6a4f00473437d0273dd5d7b4":6.941341822029028,"0xd3f85ade70adf48ed17c8cb182b8b1aff542e51f":5.232759151664022,"0x5d6c710647b47d257f1974d4f0666e65d2c0728a":0.6394596204769852,"0x092e7471a55c416f12d3340c6cce1a4bcc373089":4.92906704035429,"0x09fa38eba245bb68354b8950fa2fe71f02863393":1.1479911474894162,"0x5d98609f4a43ed4d36dae38a58365b352109c7a6":0.6006930422909736,"0xe5ae5aac9a19ec43abdd161e95640a1cc12ae348":2.2873786912616882,"0x152ce5033cd865edc7bcec99333706c6cae13220":0.05183270224818705,"0x73bb129019992794002af6f53a86d671a4887901":0.519841648699838,"0xb2d7c3aec073443011a42a25f8577920890b37cc":0.9916379929583183,"0x9cfb077e441b17d7126e2bba4203e0d263e27d24":0.14592431861757268,"0x4f13fb0dd3d43a4511c1c6ef49569287ee968ae5":0.30365788936693455,"0x98771bba24d57af722b4b43f55e002df4f7d29b2":1.2508846495773045,"0x81f45b90e54589b9251abd2a65c8c55f1e83d0cb":1.1108537616226823,"0xb7d4cc582bf137166e1499960754d32558e18440":1.0042653840227338,"0x6f3a8f9fd0da6b3ea4860ad7df347a06f1c65bdb":0.46709470629419214,"0x616fa7037c11bd5e05f8b0d6ef281c9ca8ab7498":0.4004620281939824,"0x368955efb1bf001683cb5f7ab223380caf0b86e5":0.026766955641385717,"0x44aac8a5450461b39eabfa1ca0758ff73498d7f9":27.08836033716724,"0x3d045f52223a9595fb18377b6ca7ac8e220ab35a":2.737562846555231,"0x3c61a6857adb1f4ba6a0155b990bf7a7fa530390":0.12096983299736218,"0xe456ff3e321be2675a5aeb56b3623586254c3419":0.18933015103185555,"0xc40ebdc95e9fae4ada1a2c5093d0599afe0256bd":1.8714925450932112,"0x8cc553fd466fd2c163bcda9a24d354f63318d20d":0.07991496427827074,"0xd670a99b9ad6b9fe256294f51cfe5f38e51d54aa":0.8009240563879648,"0x598c5e19a132a5c433a80c908f05d87bfdaac4ae":25.999771539067222,"0x868d9a5ee67ec78fe793f5a9ca045b89a7330452":1.6129130705937271,"0x38bca3a2678632b0a52c381010ca0b39ef202723":0.3116290379791065,"0x37069f8c6125a3ff9e81e277839db84f4463b254":0.04884290553251144,"0xf5b6d7f8a390c6af686903ac6c9793ddec73c895":0.043667719685046805,"0xc5ebbc325f9c5520f703c5d6ca36361d4bea5ab8":0.6999913018037573,"0x16643680f8423948c469b2ea02a1544337535532":0.11783327735859032,"0x3f3c61e7b3fda491cafecb644fd3b682b4ca8777":0.02938343745402364,"0x39c4ff8cc8139d9aeb4ce73afa167284c5184e26":0.3026647067531409,"0x131175cb0b6bd3fed188bf30bf590f31f4386533":0.03926774678546553,"0xc7ac35c412cb902f1c90d1498d04758f3d23d8a0":0.10678987418506197,"0x5929cc4d10b6a1acc5bf5d221889f10251c628a1":0.49035578487056825,"0x2b92e7f978871abbffceb49bc0570253bc2d7e86":0.16018481127759296,"0x20665e0b5fb3e81abefa4d2ab515bdf0e6fa6700":1.6018481127759296,"0x5e7765d3585058c7ad2bd69008cc551fbcd0ec20":0.4485174715772603,"0xc255bfb9f6d8bf563b3c6ccaa784c530569619e6":0.3114667804887366,"0x792404bde2640e8b861122a90f4058909d82de1e":0.04271594967402479,"0xcd9782e02d725dc66a7056ac7b49c0e84a49f333":0.043494115031628124,"0xd47b8e97830aeb8759b6c80f1375cbc534ea2bc4":1.310353905998803,"0x2414bd66e49f1adfdd5d9a17ce2cd6a98e2c2ac5":0.8130129974174718,"0x8a475e09de4bec7ebe8bbd411633d08f27acb23b":0.1735335455507257,"0x5227085573fdf8ea8654997dec553836a50d3ef0":0.1038766594419189,"0x0a66a105ea8a4fc5a0475b37cd4be050621b95d4":1.0148460772341232,"0xfbf2a4db9aef5757f3a758859a9132af55754fa3":0.9210604730357135,"0x3a542300159d084382e228ec8f54a402451e5a67":0.49820812031765255,"0x5aadb7a698bba2ac19b52877bb60a436a9965fa5":0.856477275162698,"0x48cf1cba8cd942818aab23f1af48470020138891":27.82732945662629,"0xcba1a275e2d858ecffaf7a87f606f74b719a8a93":8.12607594271652,"0xf0f76d69382191f08cd2f7d77c3d05def740a3c9":0.001306996547156478,"0x32524b1df07d622d38319d81ea1c4f4a29187437":1.002486141601532,"0xe72994419480d9a0b3ab38e53ef7d7c28c48193d":2.5939428060676133,"0x19241812c6434bb55d7828b81268070dbbf9f70b":0.10012474422829046,"0xd6fd705ee0b31a9300d3e2154bcce777270cbb6f":4.168525735671153,"0x367947a84d47f9722f043042bb6b0e7b3369ecea":0.09983267126672261,"0xd956d35c348daa334245402a31fde52120b1dcff":0.026116333520231103,"0x664fe0585ee5df5d0d18f481fcd197c6d00ab25c":0.5885193445029169,"0x98940c00e5165cd6421b50b1c9e5f7c594bd9797":0.0914163375179927,"0xc9c026d92314aaa032cf493db1058b143dbf9aff":0.02466482215977498,"0xd84f7d807e085fd12abe9e874695db94d989caa5":0.8890617582639669,"0x24ec3be409cd0c4ef4f79a1bc08efc205484031a":0.02114452202140333,"0xc45d05cdc809d20c7b14959e8cd4a1199e3e966f":0.08171992790743872,"0x954c8952cfb768617141a2cbeb2b23faaf7b89cf":0.033387138525133156,"0x3b82b31bbe0dc3fe0f13d17f9a4d0455ef562e06":1.1380621465357346,"0x5e15ac21b44288b59a963a8c6730f553e200477a":0.022813570548654013,"0xe8cc747b7feeb7cf32522d8b116ea54930208e2d":0.019493056005627812,"0x93beca36d5bcdc7be0f9ca38b1b5f5f5292aa859":1.0508267379472067,"0x8c213d6a206a9c1df3573d9dca364aa0f0752546":2.0804550503583203,"0x988e886b14a58dffa124230a489ad83f64008854":7.476941645308115,"0xe32650e748e7e4aba16181d9882d15ba328d5a78":0.45037038933115003,"0x9d458d056ceedca9c7b7d71a093cad9e54f1d14d":0.082149309314937,"0x183b6267cb9f985a8aa7fc912672a21d644a4102":1.6511709486900543,"0xd473781816837c7cd2fadc34e66f09786d2e2694":0.01448270287121938,"0x158cbe24e0c054c5d06c5984763177ccd27839a8":0.31267502166558603,"0x7bd2b1c17638c44933ffd0d65734136a1b2ed67a":0.5026886971223092,"0x29043e78830f5934195c9927870b9bde9b9aadac":0.021987680168472856,"0xe259bc0b82c40791b5c0b882bc1e25a477e1f5fb":0.022612734419916573,"0x986fcc6b0d290308ad6f6a0e8471f74f53dec06a":0.051944067291951126,"0xaa9d5cdadec5b530fa6d9cbb5905e38742629134":0.029282136450019786,"0x9b3780d3e439650a16c78cba5f9b82b483eeaa81":0.409150292076732,"0x87fc1313880d579039ac48db8b25428ed5f33c4a":0.5894206805997572,"0x3dd1b656fcc459cc4cf203b53aaabf8c85181f1d":0.03180679101801716,"0xe0ba6c4c82376c76386d1ca2ae2516ab18882e3c":0.20948663436834636,"0x3c7e870ce51a3429a3d2dfc4454282a8676f2029":1.9591035075431724,"0x97c1e7465f0d7424ffda9f4dfeb6532f983f8a5c":0.1297824726467394,"0x6d15eff7c4d740c4683a23abeb432f0a1b255a12":0.029518343602848336,"0x02d7f554e465e34f7d84610c4a258c22529ff610":0.04580412781583482,"0x001ac3f0972b620cd6be82ba54d111614d7d48fb":0.13197494540186178,"0x68db64a8cc0aea50b479bdd5bc3b3dd5e5821ed4":0.02482691465515682,"0x29ae8d5adcb1fd41aead285af28e9541ce002c20":0.21150047816172332,"0x1f1108c1a8ac0feb8050c13e22b2692a5d0d3043":0.03927842803936627,"0xc40d9c885c9b732884135869ebb702d48a43f895":0.23730716940450455,"0xe49f9c282fe9c9bec52905cf11fbb93a59568fd9":0.03704498851732187,