{"details":{"chainId":"1","rewardAddress":"0x559b7bfC48a5274754b08819F75C5F27aF53D53b","total":57275.555555555526,"startBlock":15962455,"endBlock":16012577,"includedVaults":{"1":{"0x559b7bfC48a5274754b08819F75C5F27aF53D53b":{"0x8C45969aD19D297c9B85763e90D0344C6E2ac9d1":{},"0xEcbd32bD581e241739be1763DFE7a8fFcC844ae1":{},"0xcc61Ee649A95F2E2f0830838681f839BDb7CB823":{},"0x82E90EB7034C1DF646bD06aFb9E67281AAb5ed28":{},"0x60d133c666919B54a3254E0d3F14332cB783B733":{},"0x98eb27E5F24FB83b7D129D789665b08C258b4cCF":{}}},"10":{"0x3F56e0c36d275367b8C502090EDF38289b3dEa0d":{"0xbf1aeA8670D2528E08334083616dD9C5F3B087aE":{},"0x062016Cd29Fabb26c52BAB646878987fC9B0Bc55":{},"0xB9C8F0d3254007eE4b98970b94544e473Cd610EC":{},"0xAB91c51b55F7Dd7B34F2FD7217506fD5b632B2B9":{},"0xF9CE2522027bD40D3b1aEe4abe969831FE3BeAf5":{}}},"137":{"0x580A84C73811E1839F75d86d75d88cCa0c241fF4":{"0x1F0aa72b980d65518e88841bA1dA075BD43fa933":{},"0x305f113ff78255d4F8524c8F50C7300B91B10f6A":{},"0x88d84a85A87ED12B8f098e8953B322fF789fCD1a":{},"0x701A1824e5574B0b6b1c8dA808B184a7AB7A2867":{},"0x37131aEDd3da288467B6EBe9A77C523A700E6Ca1":{},"0x11826d20B6A16A22450978642404dA95B4640123":{},"0x3fd939B017b31eaADF9ae50C7fF7Fa5c0661d47C":{},"0x61167073E31b1DAd85a3E531211c7B8F1E5cAE72":{},"0x11A33631a5B5349AF3F165d2B7901A4d67e561ad":{},"0xff2c44Fb819757225a176e825255a01B3B8BB051":{}}},"1088":{"0xDeadDeAddeAddEAddeadDEaDDEAdDeaDDeAD0000":{"0x10dcbee8afa39a847707e16aea5eb34c6b01aba9":{},"0xC09c73F7B32573d178138E76C0e286BA21085c20":{}},"0x3F56e0c36d275367b8C502090EDF38289b3dEa0d":{"0xC09c73F7B32573d178138E76C0e286BA21085c20":{},"0x5A03716bd1f338D7849f5c9581AD5015ce0020B0":{}}}}},"values":{"0x09fa38eba245bb68354b8950fa2fe71f02863393":230.2977226636349,"0x6e868846b2182235c16fd122fcd44739e55a58e4":1465.5309624049494,"0x1cdfb7f34e9d8bbaf5583a58783bfc4b67d3127b":3781.995572714395,"0xc399cb4679a5f59a6a4f00473437d0273dd5d7b4":209.36177541941598,"0xd3f85ade70adf48ed17c8cb182b8b1aff542e51f":599.1518497645675,"0x1395de9daec52ad405e945603ea0a9346d00d01c":209.3615660578499,"0x947e7c813961b76133cc4492700e8b2fc93642e8":423.7478097010882,"0x0394b816fe290049b04bc8bf8e89d38a80f5ecba":1908.5815078111943,"0x9aa8cc57ef8793975f60e23611af8804070a4f22":523.4039151446248,"0x4334703b0b74e2045926f82f4158a103fce1df4f":1234.922066055189,"0x82e8936b187d83fd6eb2b7dab5b19556e9deff1c":2841.474276377936,"0xd3f486244745a12263c702bd901d4c9a19390ef7":1236.8234318804275,"0x50cd4175e0bb2cc85c225911096dbdd01dd14926":1166.996509927023,"0x3448a827d60cb53a0f3bbd86be781c24b25a6de6":3428.2932874410853,"0x9f620ccbcb854f15575bcefffc41dac3173f2b48":4.4465759375198655,"0x658d6ecc9c9ad22e05492c93a68b88feff61b93a":526.1757810363698,"0x9eb408e53dfa0c877b65bbe874de81247212380e":1906.9314496403763,"0xb4c82b6d3767c6f2d6cae7f13bd5f6b3df7ba221":211.88127218226404,"0x2a48d3be1b3603af83ff5f72df5b14b8cfd37164":2247.612297004486,"0xaa17879e7cac3aee12d6aa568691e638ef0c57f0":147.39920013650774,"0x0fc43029b680c3484b49d4327581d0bc9ec33091":562.957916740431,"0xd707ea46c8e5d8ea0e171625d1da770a8fed59f7":869.4330760469977,"0x66bb7c182672a4b4a1c5891b9fd708b241ef3622":654.4870023358869,"0x51a125f89cbe0bfbfd62fee8a750aaec8fabc441":1724.3418043920844,"0x9d32d8c344f9b8b79c4dba58ef2363103497bee8":63.53372064188575,"0x967e31545b1683eab2b7a110a080731ed983b2b8":83.00197310636702,"0x3a1bbd14c1c0e2ebf7cd906961d122dadd5448a7":448.630747744098,"0x2f463642fa60cb1f1fd1c57af25b34b7a9a99586":1172.7158965329795,"0xa11cba2199d349c35f4c4ef6a4760406c69f9f79":196.7831611003354,"0x91831208ef824bbb986996312f2f0d92cca7bb90":853.1890495409219,"0xe36d639a953f563e129ef289a04818bb04a2bcbe":1441.8684160559924,"0xbd033241cf0a5eae1c8d24f30a81660f2c420bd6":178.89378281848673,"0xd070ffd002e68316ebea6acb81a6978ee38e02e7":178.89378281848673,"0x08888ce68d8de3d2616f96270f06b1b6fb3a18f6":392.68985694900346,"0x80b3153f39aeec1ef68adc038913698e103e6e1d":13475.31197632453,"0xfd8a63085804dcb95417fe33f9e49253522c68dd":742.4658014532486,"0xeefd6537adbda7b1a9da3f6607dda26b048489c2":957.6386006748528,"0xa44d3bbdd1ffeff9471b250fae74b29c1659f226":1436.4524158037595,"0x315e6635a6ad955f08b044a6ef67b53d6b72d621":1436.4524158037595,"0x8a2806405aa43150f3f9ed50230ed6c19010b506":958.7995271559375,"0xd1c9a97c5687eaa1e22c89d7f38a568c99f30604":1436.4524158037595,"0x092e7471a55c416f12d3340c6cce1a4bcc373089":957.7307073635599,"0x9c47dc9f22154805fea6bccdb67b22bb8d441d42":803.3731037387132,"0x62ace6e511476adcc8635b92e457f604bd22ad32":590.7058897225164,"0xba805ac5cc5701617253680f7e28abbe8ae6e033":476.27369172750826,"0x2733a08e54a7bac5155b66a718b626dc76722d9b":210.06070317741842,"0xea22e820a89ba3e188f91966f6841b9902d964c7":200.62720504137653,"0xfb74196eccf35a260dd5cfd300baa37ae058b6c0":157.27909394607434,"0xd0b53c43d3e0b58909c38487aa0c3af7dfa2d8c0":310.1229916936487}}