{"details":{"chainId":"1088","rewardAddress":"0x3F56e0c36d275367b8C502090EDF38289b3dEa0d","total":22624.444444444474,"startBlock":4034754,"endBlock":4070375,"includedVaults":{"1":{"0x559b7bfC48a5274754b08819F75C5F27aF53D53b":{"0x8C45969aD19D297c9B85763e90D0344C6E2ac9d1":{},"0xEcbd32bD581e241739be1763DFE7a8fFcC844ae1":{},"0xcc61Ee649A95F2E2f0830838681f839BDb7CB823":{},"0x82E90EB7034C1DF646bD06aFb9E67281AAb5ed28":{},"0x60d133c666919B54a3254E0d3F14332cB783B733":{},"0x98eb27E5F24FB83b7D129D789665b08C258b4cCF":{}}},"10":{"0x3F56e0c36d275367b8C502090EDF38289b3dEa0d":{"0xbf1aeA8670D2528E08334083616dD9C5F3B087aE":{},"0x062016Cd29Fabb26c52BAB646878987fC9B0Bc55":{},"0xB9C8F0d3254007eE4b98970b94544e473Cd610EC":{},"0xAB91c51b55F7Dd7B34F2FD7217506fD5b632B2B9":{},"0xF9CE2522027bD40D3b1aEe4abe969831FE3BeAf5":{}}},"137":{"0x580A84C73811E1839F75d86d75d88cCa0c241fF4":{"0x1F0aa72b980d65518e88841bA1dA075BD43fa933":{},"0x305f113ff78255d4F8524c8F50C7300B91B10f6A":{},"0x88d84a85A87ED12B8f098e8953B322fF789fCD1a":{},"0x701A1824e5574B0b6b1c8dA808B184a7AB7A2867":{},"0x37131aEDd3da288467B6EBe9A77C523A700E6Ca1":{},"0x11826d20B6A16A22450978642404dA95B4640123":{},"0x3fd939B017b31eaADF9ae50C7fF7Fa5c0661d47C":{},"0x61167073E31b1DAd85a3E531211c7B8F1E5cAE72":{},"0x11A33631a5B5349AF3F165d2B7901A4d67e561ad":{},"0xff2c44Fb819757225a176e825255a01B3B8BB051":{}}},"1088":{"0xDeadDeAddeAddEAddeadDEaDDEAdDeaDDeAD0000":{"0x10dcbee8afa39a847707e16aea5eb34c6b01aba9":{},"0xC09c73F7B32573d178138E76C0e286BA21085c20":{}},"0x3F56e0c36d275367b8C502090EDF38289b3dEa0d":{"0xC09c73F7B32573d178138E76C0e286BA21085c20":{},"0x5A03716bd1f338D7849f5c9581AD5015ce0020B0":{}}}}},"values":{"0x3982f7e1051ce72a4f8088d28580f41e242333c5":2.5047651022064965,"0x7fe4d3f9a56444a7a779d691b1c1c2421c0c9aab":1.2114295114205342,"0x598a69c02d6c71a4ba9180f38e463e25d24083b1":0.48457180456821364,"0xe0eae533863f6818342fa589f7b466fc3bcbbb74":3.643645177080384,"0x2c48a579668f76dbf59c20b9273da9083be65f52":0.04850056526510978,"0xc399cb4679a5f59a6a4f00473437d0273dd5d7b4":8.490170714425872,"0xd3f85ade70adf48ed17c8cb182b8b1aff542e51f":7.914756476500474,"0x5d6c710647b47d257f1974d4f0666e65d2c0728a":0.8681911498513828,"0x092e7471a55c416f12d3340c6cce1a4bcc373089":7.455410071442554,"0x09fa38eba245bb68354b8950fa2fe71f02863393":1.1306675439924987,"0x5d98609f4a43ed4d36dae38a58365b352109c7a6":0.9085721335654007,"0xe5ae5aac9a19ec43abdd161e95640a1cc12ae348":4.132523471083772,"0x152ce5033cd865edc7bcec99333706c6cae13220":0.07839902505027416,"0x73bb129019992794002af6f53a86d671a4887901":1.5600882739171231,"0xb2d7c3aec073443011a42a25f8577920890b37cc":1.2863189533326014,"0x3a542300159d084382e228ec8f54a402451e5a67":0.6057147557102671,"0x9cfb077e441b17d7126e2bba4203e0d263e27d24":0.15741323976614344,"0x4f13fb0dd3d43a4511c1c6ef49569287ee968ae5":0.14269437409461838,"0x98771bba24d57af722b4b43f55e002df4f7d29b2":0.5653337719962492,"0xea22e820a89ba3e188f91966f6841b9902d964c7":3.550996612568788,"0x9f6d8d7c57e989fedf1d50d9cf66c91def446405":0.06683912179669027,"0x81f45b90e54589b9251abd2a65c8c55f1e83d0cb":1.6802105255412207,"0x0a66a105ea8a4fc5a0475b37cd4be050621b95d4":2.318994602369419,"0xb7d4cc582bf137166e1499960754d32558e18440":0.7213180418776215,"0x6f3a8f9fd0da6b3ea4860ad7df347a06f1c65bdb":0.7064993332638696,"0x616fa7037c11bd5e05f8b0d6ef281c9ca8ab7498":0.6057147557102671,"0x3b82b31bbe0dc3fe0f13d17f9a4d0455ef562e06":2.73976898302868,"0x368955efb1bf001683cb5f7ab223380caf0b86e5":0.22976423286880468,"0x3d045f52223a9595fb18377b6ca7ac8e220ab35a":4.140672758215886,"0x3c61a6857adb1f4ba6a0155b990bf7a7fa530390":0.18297168691063947,"0xe456ff3e321be2675a5aeb56b3623586254c3419":0.23219065635560238,"0xa77208ebcab6a884b2617731ce2888c6abf72dda":0.30285737785513356,"0xfbf2a4db9aef5757f3a758859a9132af55754fa3":1.490478069164948,"0x8cc553fd466fd2c163bcda9a24d354f63318d20d":0.17812625325377335,"0xd670a99b9ad6b9fe256294f51cfe5f38e51d54aa":1.2114295114205342,"0x598c5e19a132a5c433a80c908f05d87bfdaac4ae":35.44865786358303,"0x868d9a5ee67ec78fe793f5a9ca045b89a7330452":2.1912521620757057,"0x25132de651514b6c417c734558694fc576294d03":9.171485083376025,"0x38bca3a2678632b0a52c381010ca0b39ef202723":0.4413825067044274,"0x37069f8c6125a3ff9e81e277839db84f4463b254":0.07387683852630843,"0xf5b6d7f8a390c6af686903ac6c9793ddec73c895":0.06604916396378076,"0xc5ebbc325f9c5520f703c5d6ca36361d4bea5ab8":0.11025838596263866,"0x16643680f8423948c469b2ea02a1544337535532":0.1615239348560712,"0xf278cd2ba9908b329095998cadb684797b13065e":0.06460957394242846,"0x8daf5d971c5394db1c6aeaf05e5e339b1c61b64b":0.23211192603008635,"0x3f3c61e7b3fda491cafecb644fd3b682b4ca8777":0.046894794428005586,"0x8aec81d55d5a676f7884f8d2d2d80a64373b1c10":0.35764254254066374,"0xed51d70c30acbab4ca261057c4dd94f8942127de":7.739864034692918,"0x5227085573fdf8ea8654997dec553836a50d3ef0":0.1742108649138985,"0x131175cb0b6bd3fed188bf30bf590f31f4386533":0.05849273515504597,"0xc7ac35c412cb902f1c90d1498d04758f3d23d8a0":0.1615239348560712,"0x5929cc4d10b6a1acc5bf5d221889f10251c628a1":0.25409335805491184,"0x2b92e7f978871abbffceb49bc0570253bc2d7e86":0.24228590228410682,"0x5751a4548842e307d221c1d53e11971c8d643e1a":0.031035225429288833,"0xcba1a275e2d858ecffaf7a87f606f74b719a8a93":3.0563933161536814,"0xc40ebdc95e9fae4ada1a2c5093d0599afe0256bd":0.7654721184004546,"0x20665e0b5fb3e81abefa4d2ab515bdf0e6fa6700":0.039293078755684045,"0x44aac8a5450461b39eabfa1ca0758ff73498d7f9":0.008036462287349534,"0xc5b67fa1a911af92d71ffe222fbc5ab4d0dacb42":22500.00000000003}}