{"details":{"chainId":"1088","rewardAddress":"0xDeadDeAddeAddEAddeadDEaDDEAdDeaDDeAD0000","total":187.49999999999923,"startBlock":4034754,"endBlock":4070375,"includedVaults":{"1":{"0x559b7bfC48a5274754b08819F75C5F27aF53D53b":{"0x8C45969aD19D297c9B85763e90D0344C6E2ac9d1":{},"0xEcbd32bD581e241739be1763DFE7a8fFcC844ae1":{},"0xcc61Ee649A95F2E2f0830838681f839BDb7CB823":{},"0x82E90EB7034C1DF646bD06aFb9E67281AAb5ed28":{},"0x60d133c666919B54a3254E0d3F14332cB783B733":{},"0x98eb27E5F24FB83b7D129D789665b08C258b4cCF":{}}},"10":{"0x3F56e0c36d275367b8C502090EDF38289b3dEa0d":{"0xbf1aeA8670D2528E08334083616dD9C5F3B087aE":{},"0x062016Cd29Fabb26c52BAB646878987fC9B0Bc55":{},"0xB9C8F0d3254007eE4b98970b94544e473Cd610EC":{},"0xAB91c51b55F7Dd7B34F2FD7217506fD5b632B2B9":{},"0xF9CE2522027bD40D3b1aEe4abe969831FE3BeAf5":{}}},"137":{"0x580A84C73811E1839F75d86d75d88cCa0c241fF4":{"0x1F0aa72b980d65518e88841bA1dA075BD43fa933":{},"0x305f113ff78255d4F8524c8F50C7300B91B10f6A":{},"0x88d84a85A87ED12B8f098e8953B322fF789fCD1a":{},"0x701A1824e5574B0b6b1c8dA808B184a7AB7A2867":{},"0x37131aEDd3da288467B6EBe9A77C523A700E6Ca1":{},"0x11826d20B6A16A22450978642404dA95B4640123":{},"0x3fd939B017b31eaADF9ae50C7fF7Fa5c0661d47C":{},"0x61167073E31b1DAd85a3E531211c7B8F1E5cAE72":{},"0x11A33631a5B5349AF3F165d2B7901A4d67e561ad":{},"0xff2c44Fb819757225a176e825255a01B3B8BB051":{}}},"1088":{"0xDeadDeAddeAddEAddeadDEaDDEAdDeaDDeAD0000":{"0x10dcbee8afa39a847707e16aea5eb34c6b01aba9":{},"0xC09c73F7B32573d178138E76C0e286BA21085c20":{}},"0x3F56e0c36d275367b8C502090EDF38289b3dEa0d":{"0xC09c73F7B32573d178138E76C0e286BA21085c20":{},"0x5A03716bd1f338D7849f5c9581AD5015ce0020B0":{}}}}},"values":{"0x32524b1df07d622d38319d81ea1c4f4a29187437":1.1371095310942931,"0xe72994419480d9a0b3ab38e53ef7d7c28c48193d":3.279891829138152,"0x19241812c6434bb55d7828b81268070dbbf9f70b":0.13584700351845905,"0xb7d4cc582bf137166e1499960754d32558e18440":1.1090280846887413,"0x98771bba24d57af722b4b43f55e002df4f7d29b2":1.284529353958038,"0xd6fd705ee0b31a9300d3e2154bcce777270cbb6f":11.678375985254583,"0x3a542300159d084382e228ec8f54a402451e5a67":0.8183081446813519,"0x48cf1cba8cd942818aab23f1af48470020138891":33.83490611671366,"0xa2e05af8d9271bb0acec0909de1173005cbb05cb":0.01870591691338172,"0x7fe4d3f9a56444a7a779d691b1c1c2421c0c9aab":0.9683196461002122,"0x367947a84d47f9722f043042bb6b0e7b3369ecea":0.10210087605399179,"0xd956d35c348daa334245402a31fde52120b1dcff":0.037409173608678015,"0x4ffcb4a325dc359b39215c694bbfbfaf6485097b":0.13204947276710174,"0x664fe0585ee5df5d0d18f481fcd197c6d00ab25c":0.6675513287380989,"0x0a66a105ea8a4fc5a0475b37cd4be050621b95d4":2.2129470997507252,"0x98940c00e5165cd6421b50b1c9e5f7c594bd9797":0.1036925942171882,"0xc9c026d92314aaa032cf493db1058b143dbf9aff":0.02797704945408993,"0xd84f7d807e085fd12abe9e874695db94d989caa5":1.0376932435518416,"0x24ec3be409cd0c4ef4f79a1bc08efc205484031a":0.023984009876246003,"0xc45d05cdc809d20c7b14959e8cd4a1199e3e966f":0.09292606521956423,"0x954c8952cfb768617141a2cbeb2b23faaf7b89cf":0.03787068155599963,"0x44aac8a5450461b39eabfa1ca0758ff73498d7f9":6.789342176384907,"0x3b82b31bbe0dc3fe0f13d17f9a4d0455ef562e06":3.913815277969141,"0x5e15ac21b44288b59a963a8c6730f553e200477a":0.03712759129236065,"0xe8cc747b7feeb7cf32522d8b116ea54930208e2d":0.019798699785853687,"0x5d6c710647b47d257f1974d4f0666e65d2c0728a":0.728305434983919,"0xa618f8841e70b0543a921768ea5b229ecd9a4ba8":0.09281897823090163,"0x9cfb077e441b17d7126e2bba4203e0d263e27d24":0.16605948143629212,"0x988e886b14a58dffa124230a489ad83f64008854":6.624637035504821,"0x3c5a328a5b33265740a8c1412bd82364d3b220c6":0.07889613149626638,"0xea22e820a89ba3e188f91966f6841b9902d964c7":2.7047524819520015,"0x9f6d8d7c57e989fedf1d50d9cf66c91def446405":0.12726922823102144,"0xb2d7c3aec073443011a42a25f8577920890b37cc":1.1583968020860198,"0xe32650e748e7e4aba16181d9882d15ba328d5a78":0.4163816392033668,"0x9d458d056ceedca9c7b7d71a093cad9e54f1d14d":0.09318110118270118,"0xd473781816837c7cd2fadc34e66f09786d2e2694":0.018563795646180326,"0x158cbe24e0c054c5d06c5984763177ccd27839a8":0.40562373619055925,"0x29043e78830f5934195c9927870b9bde9b9aadac":0.024940395331830338,"0xe259bc0b82c40791b5c0b882bc1e25a477e1f5fb":0.02564938782287085,"0x986fcc6b0d290308ad6f6a0e8471f74f53dec06a":0.058919611504174324,"0x16643680f8423948c469b2ea02a1544337535532":0.1604186814792621,"0x9b3780d3e439650a16c78cba5f9b82b483eeaa81":0.4891067172967845,"0x87fc1313880d579039ac48db8b25428ed5f33c4a":0.5705016750547579,"0x3dd1b656fcc459cc4cf203b53aaabf8c85181f1d":0.03607810993010977,"0xc9176e167e4ec7883b7e0a0446f265c0288b7983":5.196979901859468,"0x97c1e7465f0d7424ffda9f4dfeb6532f983f8a5c":0.14721089947420998,"0x2b5a0be5940b63de1eddccca7bd977357e2488ed":0.019732755813329523,"0x02d7f554e465e34f7d84610c4a258c22529ff610":0.0519551424617593,"0x6d91286c1228313828d8284f117cc4fa6c04535e":0.9281897823090163,"0x001ac3f0972b620cd6be82ba54d111614d7d48fb":0.14969779835795052,"0x68db64a8cc0aea50b479bdd5bc3b3dd5e5821ed4":0.028160909273960442,"0x1f1108c1a8ac0feb8050c13e22b2692a5d0d3043":0.03527121172774262,"0xc40d9c885c9b732884135869ebb702d48a43f895":0.2691750368696147,"0xe49f9c282fe9c9bec52905cf11fbb93a59568fd9":0.04666069140397434,"0xf18c2bc2e45a494e34c8cc553323f0e870bcee59":0.03805578107466966,"0x5ad911da81b204627df872780981b0d90f25c33f":1.7515896775516242,"0x94ce1d981e8d5e4472056949a07c7449e9a36f52":0.027802008502449734,"0x4742b30f35035c666c5cba2e8670052b179e0404":0.22289207811468306,"0x6a9010d6b42edb226a85bdfe577a3f8dfcd184c7":0.11026389622901017,"0x2414bd66e49f1adfdd5d9a17ce2cd6a98e2c2ac5":0.14886768514611945,"0x3595b7cc9f54e623732036a917b36f96c11428f6":0.16336140168638685,"0x38bca3a2678632b0a52c381010ca0b39ef202723":0.35498905015663756,"0x3eedb85da27cac4ec83ab5a8a38f18b0edbc7042":0.2649388167790143,"0x64f961eec2ba222dcba8fa354f03e27529b96f5b":0.03359700981307027,"0x5a008fbc7551023d888976b8d410e587ca6a077b":0.043639916719020545,"0xf6bf4b88a8067f5216c1e2e50008cbbb1da60d35":0.11138277387708195,"0x8680b61c2f2ca7ec8d70ae7274b9dcf62b0426f9":0.03712759129236065,"0xb0cbdabfc728ac3cac3a14420028c495deb96b77":0.02755380353251536,"0x7e792062cdd8cf508f708ab5b26d20a8cccd6336":0.022247936939633856,"0x8896e0833d371a358ee06eba7d4052d3e69aa189":0.030745223829746985,"0xa06b4f71b94ec6b59e0633c015772d3f1efdf7ca":0.15315204321164913,"0x3c7e870ce51a3429a3d2dfc4454282a8676f2029":2.2133389254271907,"0xcba1a275e2d858ecffaf7a87f606f74b719a8a93":9.539258786564165,"0xd05a99199a4ce3b24e80ed552fd8f8b0ac870910":0.012461168120412563,"0x93beca36d5bcdc7be0f9ca38b1b5f5f5292aa859":0.42457886912180715,"0xfbf2a4db9aef5757f3a758859a9132af55754fa3":1.315525063030485,"0x76b7864e802c4bc8d6cfa4929fde708dd9f69812":0.731106649402359,"0xe0ba6c4c82376c76386d1ca2ae2516ab18882e3c":0.08478914063886395,"0x7723c45fb37092ee65202db7a2fe562c5fe0ab48":0.000353556043976692,"0x0097bc49e4c33eae61d5b3b661da92f1f9e2af21":0.00597909530731315,"0x9affe964574192aab6da32acec63d79b3671be4b":0.025014607014029067,"0x94460735f455db73d0f2682e1aaf8ccd1e466af8":0.002549538852149534,"0x5929cc4d10b6a1acc5bf5d221889f10251c628a1":0.19147052225838196,"0x3982f7e1051ce72a4f8088d28580f41e242333c5":1.8869603169524314,"0x598a69c02d6c71a4ba9180f38e463e25d24083b1":0.3650513036646684,"0xe0eae533863f6818342fa589f7b466fc3bcbbb74":2.7449335876442515,"0x2c48a579668f76dbf59c20b9273da9083be65f52":0.036537814234318046,"0xc399cb4679a5f59a6a4f00473437d0273dd5d7b4":6.396054946693573,"0xd3f85ade70adf48ed17c8cb182b8b1aff542e51f":5.962567658077901,"0x092e7471a55c416f12d3340c6cce1a4bcc373089":5.616519864088955,"0x09fa38eba245bb68354b8950fa2fe71f02863393":0.8517863752175597,"0x5d98609f4a43ed4d36dae38a58365b352109c7a6":0.6844711943712534,"0xe5ae5aac9a19ec43abdd161e95640a1cc12ae348":3.113229177434749,"0x152ce5033cd865edc7bcec99333706c6cae13220":0.05906176552336478,"0x73bb129019992794002af6f53a86d671a4887901":1.1752897152835422,"0x4f13fb0dd3d43a4511c1c6ef49569287ee968ae5":0.10749855191279803,"0x81f45b90e54589b9251abd2a65c8c55f1e83d0cb":1.265783599040535,"0x6f3a8f9fd0da6b3ea4860ad7df347a06f1c65bdb":0.5322400111083818,