{"details":{"chainId":"1","rewardAddress":"0x559b7bfC48a5274754b08819F75C5F27aF53D53b","total":85300.12004801925,"startBlock":15661819,"endBlock":15711888,"includedVaults":{"1":{"0x559b7bfC48a5274754b08819F75C5F27aF53D53b":{"0xEcbd32bD581e241739be1763DFE7a8fFcC844ae1":{},"0x98eb27E5F24FB83b7D129D789665b08C258b4cCF":{},"0xcc61Ee649A95F2E2f0830838681f839BDb7CB823":{},"0x82E90EB7034C1DF646bD06aFb9E67281AAb5ed28":{},"0x8C45969aD19D297c9B85763e90D0344C6E2ac9d1":{},"0x60d133c666919B54a3254E0d3F14332cB783B733":{}}},"10":{"0x3F56e0c36d275367b8C502090EDF38289b3dEa0d":{"0xb9c8f0d3254007ee4b98970b94544e473cd610ec":{},"0x062016cd29fabb26c52bab646878987fc9b0bc55":{},"0xAB91c51b55F7Dd7B34F2FD7217506fD5b632B2B9":{},"0xbf1aea8670d2528e08334083616dd9c5f3b087ae":{},"0xF9CE2522027bD40D3b1aEe4abe969831FE3BeAf5":{}}},"137":{"0x580A84C73811E1839F75d86d75d88cCa0c241fF4":{"0x37131aEDd3da288467B6EBe9A77C523A700E6Ca1":{},"0x88d84a85A87ED12B8f098e8953B322fF789fCD1a":{},"0x3fd939B017b31eaADF9ae50C7fF7Fa5c0661d47C":{},"0xff2c44Fb819757225a176e825255a01B3B8BB051":{},"0x305f113ff78255d4f8524c8f50c7300b91b10f6a":{},"0x7dda5e1a389e0c1892caf55940f5fce6588a9ae0":{},"0x11826d20b6a16a22450978642404da95b4640123":{},"0xF086dEdf6a89e7B16145b03a6CB0C0a9979F1433":{},"0x1F0aa72b980d65518e88841bA1dA075BD43fa933":{},"0x11A33631a5B5349AF3F165d2B7901A4d67e561ad":{},"0x701A1824e5574B0b6b1c8dA808B184a7AB7A2867":{}}},"1088":{"0xDeadDeAddeAddEAddeadDEaDDEAdDeaDDeAD0000":{"0xc09c73f7b32573d178138e76c0e286ba21085c20":{},"0x10dcbee8afa39a847707e16aea5eb34c6b01aba9":{}},"0x3F56e0c36d275367b8C502090EDF38289b3dEa0d":{"0xb89c1b3d9f335b9d8bb16016f3d60160ae71041f":{},"0xc09c73f7b32573d178138e76c0e286ba21085c20":{}}}}},"values":{"0x1d3b180c38c342dcae23c71dc9637fc829211cc6":249.755176887768,"0x658d6ecc9c9ad22e05492c93a68b88feff61b93a":749.2655306633039,"0x9eb408e53dfa0c877b65bbe874de81247212380e":1498.5310613266079,"0x598c5e19a132a5c433a80c908f05d87bfdaac4ae":9841.366221061187,"0xd1aed85ffb991bcb22e8a5893d02582406e069e2":639.2223125488817,"0x2a48d3be1b3603af83ff5f72df5b14b8cfd37164":2071.0140804163516,"0xf693a1d40d7750217b4863d4ec31a71c4b629a7e":9.763644995849841,"0x639ade8805c0081ea5da9495bb50751003e827cc":9113.616962348293,"0x854f1269b659a727a2268ab86ff77cfb30bfb358":3624.7291156721362,"0xeefd6537adbda7b1a9da3f6607dda26b048489c2":483.29721542295147,"0x9177eb417cd0f2ccd2662e1879af1c67e1d2779c":986.7318148218593,"0xe0eae533863f6818342fa589f7b466fc3bcbbb74":1288.792574461204,"0xc399cb4679a5f59a6a4f00473437d0273dd5d7b4":1458.8116196361175,"0xf7599b9237680ea12df90cdccc79f37956a68086":402.7476795191262,"0xa532f169cee0e551d4da641031ac78fd85461035":402.7476795191262,"0x8d0328b4f6dbd62146266046f2e139edc37c27f3":782.4830141260985,"0x118e2ae07382d8ac768712e095bab4a06590e4a5":765.2205910863398,"0x53e213da8c28d85dc6663c3b5e35bb0ffbb05752":523.5719833748641,"0xa44d3bbdd1ffeff9471b250fae74b29c1659f226":604.1215192786893,"0x2479b47559f85b79894553f776529847e5bb389a":2980.3328284415343,"0x62ace6e511476adcc8635b92e457f604bd22ad32":845.7701269901651,"0x315e6635a6ad955f08b044a6ef67b53d6b72d621":604.1215192786893,"0x66014cd66fad6c622d48a22c6fe0913d49840683":333.4409833138699,"0x7893cbc9e89245e0470fe3ce9bb8bc3fb0bf27c3":417.7581537803494,"0x0fc43029b680c3484b49d4327581d0bc9ec33091":431.71972944557234,"0xd707ea46c8e5d8ea0e171625d1da770a8fed59f7":666.7486169043589,"0x16f75aa4bcab8a8fda2bcab023ca1ae581453ac5":333.37430845217943,"0x66bb7c182672a4b4a1c5891b9fd708b241ef3622":666.7486169043589,"0xb7d49adb031d6dbdf3e8e28f21c6dd3b6f231cd5":1118.9721932173234,"0xeec7d2c76d6b53eeb86a352b7fba0b073b5b1703":533.3988935234871,"0x4334703b0b74e2045926f82f4158a103fce1df4f":1183.359850817079,"0xb454778adddb9af61823cb9dd6a9fdb6eb4178d9":1000.1229253565383,"0x967e31545b1683eab2b7a110a080731ed983b2b8":866.3769355260239,"0x3a1bbd14c1c0e2ebf7cd906961d122dadd5448a7":510.24582135211466,"0x2f463642fa60cb1f1fd1c57af25b34b7a9a99586":2566.6163399781085,"0xa11cba2199d349c35f4c4ef6a4760406c69f9f79":223.81834089568108,"0x08888ce68d8de3d2616f96270f06b1b6fb3a18f6":1158.3616497446476,"0x91831208ef824bbb986996312f2f0d92cca7bb90":970.4049699722336,"0xe36d639a953f563e129ef289a04818bb04a2bcbe":1639.960425816057,"0xbd033241cf0a5eae1c8d24f30a81660f2c420bd6":203.4712189960737,"0x09fa38eba245bb68354b8950fa2fe71f02863393":345.213940551793,"0x6e868846b2182235c16fd122fcd44739e55a58e4":2071.2836433107577,"0x1cdfb7f34e9d8bbaf5583a58783bfc4b67d3127b":7594.706692139445,"0xd3f85ade70adf48ed17c8cb182b8b1aff542e51f":1035.6418216553789,"0x1395de9daec52ad405e945603ea0a9346d00d01c":345.213940551793,"0x947e7c813961b76133cc4492700e8b2fc93642e8":698.713015676829,"0x7c9f43215d3b3d5055433a9d7b12bcbf9f4be442":1430.8434014847003,"0x0394b816fe290049b04bc8bf8e89d38a80f5ecba":3147.0386641726263,"0x9aa8cc57ef8793975f60e23611af8804070a4f22":863.0348513794825,"0xb83bf031201753e9eb0a60ea5b7ed5c880cb8459":520.517031703399,"0x80b3153f39aeec1ef68adc038913698e103e6e1d":11713.876513003666,"0xfd8a63085804dcb95417fe33f9e49253522c68dd":783.1222865161722}}