{"details":{"chainId":"1088","rewardAddress":"0xDeadDeAddeAddEAddeadDEaDDEAdDeaDDeAD0000","total":374.99999999999966,"startBlock":3701205,"endBlock":3753769,"includedVaults":{"1":{"0x559b7bfC48a5274754b08819F75C5F27aF53D53b":{"0xEcbd32bD581e241739be1763DFE7a8fFcC844ae1":{},"0x98eb27E5F24FB83b7D129D789665b08C258b4cCF":{},"0xcc61Ee649A95F2E2f0830838681f839BDb7CB823":{},"0x82E90EB7034C1DF646bD06aFb9E67281AAb5ed28":{},"0x8C45969aD19D297c9B85763e90D0344C6E2ac9d1":{},"0x60d133c666919B54a3254E0d3F14332cB783B733":{}}},"10":{"0x3F56e0c36d275367b8C502090EDF38289b3dEa0d":{"0xb9c8f0d3254007ee4b98970b94544e473cd610ec":{},"0x062016cd29fabb26c52bab646878987fc9b0bc55":{},"0xAB91c51b55F7Dd7B34F2FD7217506fD5b632B2B9":{},"0xbf1aea8670d2528e08334083616dd9c5f3b087ae":{},"0xF9CE2522027bD40D3b1aEe4abe969831FE3BeAf5":{}}},"137":{"0x580A84C73811E1839F75d86d75d88cCa0c241fF4":{"0x37131aEDd3da288467B6EBe9A77C523A700E6Ca1":{},"0x88d84a85A87ED12B8f098e8953B322fF789fCD1a":{},"0x3fd939B017b31eaADF9ae50C7fF7Fa5c0661d47C":{},"0xff2c44Fb819757225a176e825255a01B3B8BB051":{},"0x305f113ff78255d4f8524c8f50c7300b91b10f6a":{},"0x7dda5e1a389e0c1892caf55940f5fce6588a9ae0":{},"0x11826d20b6a16a22450978642404da95b4640123":{},"0xF086dEdf6a89e7B16145b03a6CB0C0a9979F1433":{},"0x1F0aa72b980d65518e88841bA1dA075BD43fa933":{},"0x11A33631a5B5349AF3F165d2B7901A4d67e561ad":{},"0x701A1824e5574B0b6b1c8dA808B184a7AB7A2867":{}}},"1088":{"0xDeadDeAddeAddEAddeadDEaDDEAdDeaDDeAD0000":{"0xc09c73f7b32573d178138e76c0e286ba21085c20":{},"0x10dcbee8afa39a847707e16aea5eb34c6b01aba9":{}},"0x3F56e0c36d275367b8C502090EDF38289b3dEa0d":{"0xb89c1b3d9f335b9d8bb16016f3d60160ae71041f":{},"0xc09c73f7b32573d178138e76c0e286ba21085c20":{}}}}},"values":{"0x4bb17f45b9a00451383166782c9cd6075ad5eeb3":0.7768684909465214,"0xcdcdefcf200b66718403ccad3295a0ae6553d907":1.741109856640611,"0xa9cc27c0789f4829d91810bde3e72f1799b94a7d":0.05374745643396592,"0x7fe4d3f9a56444a7a779d691b1c1c2421c0c9aab":1.2786797942399506,"0x598a69c02d6c71a4ba9180f38e463e25d24083b1":0.34822197132812216,"0xd63da94c6a7e8d15f8eed6d008815fd9e978cc1f":0.4256046316232604,"0x24a30823bd87e785b0c4b3803a2bffd91eb6876f":0.5416786220659678,"0xe0eae533863f6818342fa589f7b466fc3bcbbb74":7.995093559281512,"0x2c48a579668f76dbf59c20b9273da9083be65f52":0.03712253789527104,"0xc5b67fa1a911af92d71ffe222fbc5ab4d0dacb42":3.2505032488793457,"0xd3f85ade70adf48ed17c8cb182b8b1aff542e51f":4.332501777087135,"0x5d6c710647b47d257f1974d4f0666e65d2c0728a":0.5356699430447932,"0x092e7471a55c416f12d3340c6cce1a4bcc373089":5.459934973361855,"0x44f2cdf495e9f93bcc91dc421d1bb00ad95b617b":0.04377502413144032,"0x9194ff990c890b33dcd62426f8c84fe2b3178f2c":5.787444573503886,"0x09fa38eba245bb68354b8950fa2fe71f02863393":0.5656534713869361,"0x7c818d46acef870ea88137bf553594f4803872ca":0.9672832536892282,"0x5d98609f4a43ed4d36dae38a58365b352109c7a6":0.4352774641601527,"0x80b3153f39aeec1ef68adc038913698e103e6e1d":0.3965861340125836,"0xe5ae5aac9a19ec43abdd161e95640a1cc12ae348":2.9863238668081884,"0x152ce5033cd865edc7bcec99333706c6cae13220":0.03755929502547882,"0x73bb129019992794002af6f53a86d671a4887901":0.850323342217795,"0x21c8dc59f2e9a11c4c1a0c310641968132c6b1be":22.34038637535091,"0xf3386f459c962d81c1c5a78befe9f92ff8e15e0e":1.4538007076044912,"0x3a542300159d084382e228ec8f54a402451e5a67":0.49196537726056677,"0x9cfb077e441b17d7126e2bba4203e0d263e27d24":0.1754373781844086,"0x4f13fb0dd3d43a4511c1c6ef49569287ee968ae5":0.08071229537048212,"0x98771bba24d57af722b4b43f55e002df4f7d29b2":0.6233972526426854,"0x48cf1cba8cd942818aab23f1af48470020138891":76.31504679786732,"0xe32650e748e7e4aba16181d9882d15ba328d5a78":1.7884996448763366,"0xea22e820a89ba3e188f91966f6841b9902d964c7":2.3890683945844273,"0x9f6d8d7c57e989fedf1d50d9cf66c91def446405":0.0871575254230246,"0xe6a0d1bbdd7ed02ff15adb30314edbca6b1f8be0":0.9920115709544701,"0x27e1f718e0bbc1717c77e7d90fd3a1bc95bb891f":33.44056303406583,"0x0a66a105ea8a4fc5a0475b37cd4be050621b95d4":2.133572365452291,"0x8a8606817b360f6c26246a8b1f081a5050174cd5":0.7931722682178761,"0xb7d4cc582bf137166e1499960754d32558e18440":0.8726938032671511,"0xd1275eb5d5ea553bb52f00cf8025f07b50a66329":0.19370010077457822,"0xfab500061e63e30babdeb3ffad296d761a52d7b8":0.003288763062543375,"0x6f3a8f9fd0da6b3ea4860ad7df347a06f1c65bdb":0.39641670747159713,"0x616fa7037c11bd5e05f8b0d6ef281c9ca8ab7498":0.29018497610676847,"0xfaa41900848b7f68f4859676432811e6fc46a15c":0.3869133014756913,"0x5751a4548842e307d221c1d53e11971c8d643e1a":0.03294031610152386,"0x4df37cc3c48ec3eb689c8bf0d91249ce2506f73b":1.5436406885741094,"0x3b82b31bbe0dc3fe0f13d17f9a4d0455ef562e06":2.7159984242245883,"0xca20a8f778a92b8ba0260410607dc1fd1edd7dcb":0.003095306411805529,"0x87fc1313880d579039ac48db8b25428ed5f33c4a":0.4068888636875109,"0x32d910cfc8b6e472154cb14ead6ad6d92c1e2ed5":0.01547653205902765,"0x368955efb1bf001683cb5f7ab223380caf0b86e5":0.15598221338260695,"0xaf4c6c334aa5af433fe8da5ad2de32b77f554a91":1.6435648247320418,"0x5275817b74021e97c980e95ede6bbac0d0d6f3a2":1.3171226782567313,"0xc61ee6799b7d4fe58ab9cb332f330309c7fa0c56":10.194464135368516,"0x44aac8a5450461b39eabfa1ca0758ff73498d7f9":35.65139218761221,"0x3d045f52223a9595fb18377b6ca7ac8e220ab35a":2.173282438518122,"0x3c61a6857adb1f4ba6a0155b990bf7a7fa530390":0.048392511082109145,"0xe456ff3e321be2675a5aeb56b3623586254c3419":0.09672832536892283,"0xa77208ebcab6a884b2617731ce2888c6abf72dda":0.14509248805338423,"0x1ab2ff848031bffbca39fad061551b3cf82d9575":0.14509248805338423,"0x66d1f600b54b9c2576ba45cfd2090ac8e941db2e":0.006791084295716529,"0x53a385d47d3a011539ec377f53acb410f53ff97d":0.00483641626844614,"0xfbf2a4db9aef5757f3a758859a9132af55754fa3":1.2274248702375468,"0x46919f4016befb3c9a01e72a1cfc395695276a01":1.164429460139091,"0x5c0642fe68fc72cf03f676b28faf5cf97cc0b265":2.954083056766903,"0xc40ebdc95e9fae4ada1a2c5093d0599afe0256bd":0.7748322378384523,"0x8cc553fd466fd2c163bcda9a24d354f63318d20d":0.04471057906591003,"0x50cd4175e0bb2cc85c225911096dbdd01dd14926":0.6770982775865063,"0xd670a99b9ad6b9fe256294f51cfe5f38e51d54aa":0.5803699522135369,"0x598c5e19a132a5c433a80c908f05d87bfdaac4ae":18.956830127050413,"0x868d9a5ee67ec78fe793f5a9ca045b89a7330452":0.4993102468596701,"0xd9f88a2a5692b7dced6211475dfedf6b4fd98bcf":0.6827643278266943,"0x3982f7e1051ce72a4f8088d28580f41e242333c5":0.7531722177947724,"0x81f45b90e54589b9251abd2a65c8c55f1e83d0cb":1.129322838044789,"0x38bca3a2678632b0a52c381010ca0b39ef202723":0.14233792696850828,"0x68c01711232a7357f5cd8302cde8a3649266af66":0.019151707334022116,"0x37069f8c6125a3ff9e81e277839db84f4463b254":0.021996915937027444,"0x83cf51a12258848540e862d1ab8b2fe05518f716":0.45291275196872877,"0x25132de651514b6c417c734558694fc576294d03":4.427484584692548,"0xb2d7c3aec073443011a42a25f8577920890b37cc":1.6358353189364538,"0x23e817b3982ba0e033dab4fa1b47088418ad6b2a":0.3888775953354584,"0xcba1a275e2d858ecffaf7a87f606f74b719a8a93":16.849661094399938,"0x64f961eec2ba222dcba8fa354f03e27529b96f5b":0.002601844924431512,"0xf5b6d7f8a390c6af686903ac6c9793ddec73c895":0.000223056676668355,"0xc5ebbc325f9c5520f703c5d6ca36361d4bea5ab8":0.000111449503697127,"0x32524b1df07d622d38319d81ea1c4f4a29187437":2.2682179578095742,"0xe72994419480d9a0b3ab38e53ef7d7c28c48193d":3.93802967663244,"0x19241812c6434bb55d7828b81268070dbbf9f70b":0.06880215465520874,"0xd6fd705ee0b31a9300d3e2154bcce777270cbb6f":12.91610871166679,"0x2ee15dd4ebf755c50c883a31e10c1c6aa5a1145a":0.39932810684579767,"0x90a97b2a5f7484bdd334dd216ffdd393c7decb42":0.001262215167020476,"0x93beca36d5bcdc7be0f9ca38b1b5f5f5292aa859":4.052945874683414,"0x1ffac7df7864dc7da6fb59f991e52c2955f95c84":0.023540755432401188,"0x367947a84d47f9722f043042bb6b0e7b3369ecea":0.05918736002809172,"0xff4f7b726ee86f810531d2842b3bdd8a512db594":0.045541406800906716,"0xd956d35c348daa334245402a31fde52120b1dcff":0.06725680597204184,"0x4ffcb4a325dc359b39215c694bbfbfaf6485097b":0.16132855718414146,"0xc724b0047de0fa1259c043e7203abb243e2c8fc4":0.009525562866513558,"0xa7871c77cfdca9bc4477666c5663ba1217031344":0.013607946952162229,