{"details":{"chainId":"1088","rewardAddress":"0x3F56e0c36d275367b8C502090EDF38289b3dEa0d","total":21194.47779111644,"startBlock":3701205,"endBlock":3753769,"includedVaults":{"1":{"0x559b7bfC48a5274754b08819F75C5F27aF53D53b":{"0xEcbd32bD581e241739be1763DFE7a8fFcC844ae1":{},"0x98eb27E5F24FB83b7D129D789665b08C258b4cCF":{},"0xcc61Ee649A95F2E2f0830838681f839BDb7CB823":{},"0x82E90EB7034C1DF646bD06aFb9E67281AAb5ed28":{},"0x8C45969aD19D297c9B85763e90D0344C6E2ac9d1":{},"0x60d133c666919B54a3254E0d3F14332cB783B733":{}}},"10":{"0x3F56e0c36d275367b8C502090EDF38289b3dEa0d":{"0xb9c8f0d3254007ee4b98970b94544e473cd610ec":{},"0x062016cd29fabb26c52bab646878987fc9b0bc55":{},"0xAB91c51b55F7Dd7B34F2FD7217506fD5b632B2B9":{},"0xbf1aea8670d2528e08334083616dd9c5f3b087ae":{},"0xF9CE2522027bD40D3b1aEe4abe969831FE3BeAf5":{}}},"137":{"0x580A84C73811E1839F75d86d75d88cCa0c241fF4":{"0x37131aEDd3da288467B6EBe9A77C523A700E6Ca1":{},"0x88d84a85A87ED12B8f098e8953B322fF789fCD1a":{},"0x3fd939B017b31eaADF9ae50C7fF7Fa5c0661d47C":{},"0xff2c44Fb819757225a176e825255a01B3B8BB051":{},"0x305f113ff78255d4f8524c8f50c7300b91b10f6a":{},"0x7dda5e1a389e0c1892caf55940f5fce6588a9ae0":{},"0x11826d20b6a16a22450978642404da95b4640123":{},"0xF086dEdf6a89e7B16145b03a6CB0C0a9979F1433":{},"0x1F0aa72b980d65518e88841bA1dA075BD43fa933":{},"0x11A33631a5B5349AF3F165d2B7901A4d67e561ad":{},"0x701A1824e5574B0b6b1c8dA808B184a7AB7A2867":{}}},"1088":{"0xDeadDeAddeAddEAddeadDEaDDEAdDeaDDeAD0000":{"0xc09c73f7b32573d178138e76c0e286ba21085c20":{},"0x10dcbee8afa39a847707e16aea5eb34c6b01aba9":{}},"0x3F56e0c36d275367b8C502090EDF38289b3dEa0d":{"0xb89c1b3d9f335b9d8bb16016f3d60160ae71041f":{},"0xc09c73f7b32573d178138e76c0e286ba21085c20":{}}}}},"values":{"0x73bb129019992794002af6f53a86d671a4887901":694.5935821322105,"0xd1aed85ffb991bcb22e8a5893d02582406e069e2":9242.042788785586,"0x5d6c710647b47d257f1974d4f0666e65d2c0728a":137.76308587040228,"0xace16bc9ff7434aa075b54416fc291dc9abf5195":4.264020361849659,"0xa22fae0feab7ea11337391d02d4ee41ff459581d":122.05932777784865,"0x158cbe24e0c054c5d06c5984763177ccd27839a8":516.3229005893578,"0x0b535fc12b5642e0f9d3deb319ab0641625de5e6":15.990076356936221,"0x4bb17f45b9a00451383166782c9cd6075ad5eeb3":43.586948530388646,"0xcdcdefcf200b66718403ccad3295a0ae6553d907":97.81985749193362,"0xa9cc27c0789f4829d91810bde3e72f1799b94a7d":2.2479806828039384,"0x7fe4d3f9a56444a7a779d691b1c1c2421c0c9aab":65.21323832795575,"0x598a69c02d6c71a4ba9180f38e463e25d24083b1":19.563971498386724,"0xd63da94c6a7e8d15f8eed6d008815fd9e978cc1f":23.91152072025044,"0x24a30823bd87e785b0c4b3803a2bffd91eb6876f":30.432844553046017,"0xe0eae533863f6818342fa589f7b466fc3bcbbb74":449.18412794042655,"0x2c48a579668f76dbf59c20b9273da9083be65f52":1.195576036012522,"0xc5b67fa1a911af92d71ffe222fbc5ab4d0dacb42":182.62131098145693,"0xd3f85ade70adf48ed17c8cb182b8b1aff542e51f":243.41066406684058,"0x092e7471a55c416f12d3340c6cce1a4bcc373089":306.7526491636677,"0x44f2cdf495e9f93bcc91dc421d1bb00ad95b617b":2.4593891108660384,"0x9194ff990c890b33dcd62426f8c84fe2b3178f2c":325.15294842734966,"0x09fa38eba245bb68354b8950fa2fe71f02863393":31.779810877441356,"0x7c818d46acef870ea88137bf553594f4803872ca":54.34436527329646,"0x5d98609f4a43ed4d36dae38a58365b352109c7a6":24.454964372983405,"0x80b3153f39aeec1ef68adc038913698e103e6e1d":22.281189762051547,"0xe5ae5aac9a19ec43abdd161e95640a1cc12ae348":143.56900310146335,"0x152ce5033cd865edc7bcec99333706c6cae13220":2.1101740782621987,"0x21c8dc59f2e9a11c4c1a0c310641968132c6b1be":747.0725275548169,"0xf3386f459c962d81c1c5a78befe9f92ff8e15e0e":81.67811898666302,"0x3a542300159d084382e228ec8f54a402451e5a67":10.33559064697942,"0x9cfb077e441b17d7126e2bba4203e0d263e27d24":5.323793796545139,"0x4f13fb0dd3d43a4511c1c6ef49569287ee968ae5":3.8407361460837417,"0x98771bba24d57af722b4b43f55e002df4f7d29b2":2.176594622038927,"0x48cf1cba8cd942818aab23f1af48470020138891":1162.419078433762,"0xe32650e748e7e4aba16181d9882d15ba328d5a78":23.91152072025044,"0xea22e820a89ba3e188f91966f6841b9902d964c7":131.31171323190222,"0x9f6d8d7c57e989fedf1d50d9cf66c91def446405":0.6521323832795575,"0xe6a0d1bbdd7ed02ff15adb30314edbca6b1f8be0":55.733663290119175,"0x27e1f718e0bbc1717c77e7d90fd3a1bc95bb891f":1878.773529404902,"0x0a66a105ea8a4fc5a0475b37cd4be050621b95d4":81.51654790994469,"0x8a8606817b360f6c26246a8b1f081a5050174cd5":44.56237953492997,"0xb7d4cc582bf137166e1499960754d32558e18440":10.516135928008662,"0xd1275eb5d5ea553bb52f00cf8025f07b50a66329":10.882550679772239,"0xfab500061e63e30babdeb3ffad296d761a52d7b8":0.18477084192920792,"0x6f3a8f9fd0da6b3ea4860ad7df347a06f1c65bdb":22.271670959988924,"0x616fa7037c11bd5e05f8b0d6ef281c9ca8ab7498":16.303309581988938,"0xfaa41900848b7f68f4859676432811e6fc46a15c":21.737746109318582,"0x5751a4548842e307d221c1d53e11971c8d643e1a":1.8506684196294345,"0x4df37cc3c48ec3eb689c8bf0d91249ce2506f73b":5.291973482157063,"0x3b82b31bbe0dc3fe0f13d17f9a4d0455ef562e06":54.17915840286564,"0xca20a8f778a92b8ba0260410607dc1fd1edd7dcb":0.17390196887454865,"0x87fc1313880d579039ac48db8b25428ed5f33c4a":0.4413504752984183,"0x32d910cfc8b6e472154cb14ead6ad6d92c1e2ed5":0.8695098443727433,"0x368955efb1bf001683cb5f7ab223380caf0b86e5":8.695098443727433,"0xaf4c6c334aa5af433fe8da5ad2de32b77f554a91":92.33953637150022,"0x5275817b74021e97c980e95ede6bbac0d0d6f3a2":73.99920929461598,"0xc61ee6799b7d4fe58ab9cb332f330309c7fa0c56":572.7502059246667,"0x44aac8a5450461b39eabfa1ca0758ff73498d7f9":1086.887305465929,"0x3d045f52223a9595fb18377b6ca7ac8e220ab35a":121.14472175984008,"0x3c61a6857adb1f4ba6a0155b990bf7a7fa530390":2.718810946749954,"0xe456ff3e321be2675a5aeb56b3623586254c3419":5.4344365273296455,"0xa77208ebcab6a884b2617731ce2888c6abf72dda":8.151654790994469,"0x1ab2ff848031bffbca39fad061551b3cf82d9575":8.151654790994469,"0x66d1f600b54b9c2576ba45cfd2090ac8e941db2e":0.38153991001144544,"0x53a385d47d3a011539ec377f53acb410f53ff97d":0.2717218263664823,"0xfbf2a4db9aef5757f3a758859a9132af55754fa3":43.475492218637164,"0x46919f4016befb3c9a01e72a1cfc395695276a01":65.42052669208829,"0x5c0642fe68fc72cf03f676b28faf5cf97cc0b265":165.96769154464738,"0xc40ebdc95e9fae4ada1a2c5093d0599afe0256bd":43.53199127351696,"0x8cc553fd466fd2c163bcda9a24d354f63318d20d":2.511950900701792,"0x50cd4175e0bb2cc85c225911096dbdd01dd14926":38.041055691534865,"0xd670a99b9ad6b9fe256294f51cfe5f38e51d54aa":32.606619163977875,"0x598c5e19a132a5c433a80c908f05d87bfdaac4ae":1065.0415965737823,"0x868d9a5ee67ec78fe793f5a9ca045b89a7330452":28.052484457422086,"0xd9f88a2a5692b7dced6211475dfedf6b4fd98bcf":36.06879146422376,"0x3982f7e1051ce72a4f8088d28580f41e242333c5":42.31507778246747,"0x81f45b90e54589b9251abd2a65c8c55f1e83d0cb":63.44814984453327,"0x38bca3a2678632b0a52c381010ca0b39ef202723":7.1732685332712,"0x68c01711232a7357f5cd8302cde8a3649266af66":1.07599027999068,"0x37069f8c6125a3ff9e81e277839db84f4463b254":1.2358411354776542,"0x83cf51a12258848540e862d1ab8b2fe05518f716":6.332555651988845,"0x25132de651514b6c417c734558694fc576294d03":248.7470330895697,"0xb2d7c3aec073443011a42a25f8577920890b37cc":91.66358807590832,"0x23e817b3982ba0e033dab4fa1b47088418ad6b2a":10.711986902901259,"0xcba1a275e2d858ecffaf7a87f606f74b719a8a93":40.82624209294188,"0x64f961eec2ba222dcba8fa354f03e27529b96f5b":0.1461780821889495,"0xf5b6d7f8a390c6af686903ac6c9793ddec73c895":0.012531875711979648,"0xc5ebbc325f9c5520f703c5d6ca36361d4bea5ab8":0.006261508731123126}}