{"details":{"chainId":"56","total":179856.34477254594,"startBlock":"28355235","endBlock":"28637196","includedVaults":{"10":["0x062016Cd29Fabb26c52BAB646878987fC9B0Bc55","0xB9C8F0d3254007eE4b98970b94544e473Cd610EC"],"56":["0x014A177E9642d1b4E970418f894985dC1b85657f","0xA56F9A54880afBc30CF29bB66d2D9ADCdcaEaDD6"],"137":["0x578375c3af7d61586c2C3A7BA87d2eEd640EFA40","0xF086dEdf6a89e7B16145b03a6CB0C0a9979F1433","0x88d84a85A87ED12B8f098e8953B322fF789fCD1a","0x3fd939B017b31eaADF9ae50C7fF7Fa5c0661d47C","0x1F0aa72b980d65518e88841bA1dA075BD43fa933","0x98B5F32dd9670191568b661a3e847Ed764943875","0x7dda5e1a389e0c1892caf55940f5fce6588a9ae0","0x649Aa6E6b6194250C077DF4fB37c23EE6c098513","0xff2c44Fb819757225a176e825255a01B3B8BB051","0x701A1824e5574B0b6b1c8dA808B184a7AB7A2867","0x11A33631a5B5349AF3F165d2B7901A4d67e561ad","0x178f1c95c85fe7221c7a6a3d6f12b7da3253eeae","0x37131aEDd3da288467B6EBe9A77C523A700E6Ca1","0x305f113ff78255d4F8524c8F50C7300B91B10f6A","0x305f113ff78255d4f8524c8f50c7300b91b10f6a","0x61167073E31b1DAd85a3E531211c7B8F1E5cAE72","0x7CbF49E4214C7200AF986bc4aACF7bc79dd9C19a"],"250":["0x1066b8FC999c1eE94241344818486D5f944331A0","0x7efB260662a6FA95c1CE1092c53Ca23733202798","0xE5996a2cB60eA57F03bf332b5ADC517035d8d094","0x3609A304c6A41d87E895b9c1fd18c02ba989Ba90","0x571F42886C31f9b769ad243e81D06D0D144BE7B4","0xC1c7eF18ABC94013F6c58C6CdF9e829A48075b4e","0x5563Cc1ee23c4b17C861418cFF16641D46E12436","0xD939c268C49c442F037E968F045ba02f499562D4","0x7aE52477783c4E3e5c1476Bbb29A8D029c920676","0x75d4ab6843593c111eeb02ff07055009c836a1ef","0x8e5e4D08485673770Ab372c05f95081BE0636Fa2"]}},"values":{"0xc6e3e084722fb6ffc35dd956d34ca533721d416d":0.2952991881960341,"0xbf3450be50a88ecfced28b3ef1f61976ce41115d":177.26973219799171,"0x7710c9df92bf59ea2323d25566a749fbffdfe56b":3.329364070144985,"0xb41a129c22b8f135fc1b81e93ee1d4eca49c31b9":2.538970569415432,"0x4340cde6633cfa3e92ce8a2d7e3fdc5f670a9af2":7.09483466560236,"0xae477e884011c4bcd5584a01bdf02aa4de540aba":55.28247856108922,"0xae35f25d082b33db3d3a8d37f41e12ff2f979071":183.8803023483738,"0x5135b3594e412e953f41926af79dee9a591e32ed":220.70317363834107,"0xf5e2020ca6f22169e6c68a7165852dcc4d59178c":178.74870184072267,"0x37c7f3f6472a5458c20b0e67f1cc59f83eb4f2ad":0.4425534639802143,"0xad45f74009c9750598d663cda52459258fec5062":2.72385832437986,"0x225509847509f66c9bd49cda9714f481a3a6200e":0.09003745449203251,"0x63565663169428048a4c69f278129d1214603b54":7.151537489669924,"0x189e52934d6cb392ec7d2617535a5ea528a48942":0.43984925646122214,"0xb69affefc0b1ae8996176fc7733b2ae4e09356e0":64.31321457151968,"0x226d5fdd075d0c4448084e36046a92612e3d4ab7":178.64781825422133,"0x2d6c3aaaa53be2989f8c0a49cd143bbae8a3aeac":2379.088720498537,"0x00a67dc242df79dd7f6145ce38840581ae90c110":147.7044454323095,"0xdceb0bb3311342e3ce9e49f57affce9deac40ba1":10.71968662405619,"0xeb7989a7c04b70cea2bef6c2160ab7afca2a0d98":1.1572083397702033,"0xbcf0fd9c42cc8cb2060c4930d2c1d277f18146a5":23.105815614615576,"0x91732345ddaa779f0d37fad1a9b59e0663acf8d4":138.22965030794282,"0x8a587ab45ba8594b46bb98d73e23df4f95e935c8":849.4558293552784,"0x6a55fa2f0e05040d8ac50cc501364a2b3fdfd03c":164.35599279388362,"0x2bdab32fc7285ea127cd72046d7a0f9c5bf0dcbc":1882.1413453576956,"0x947ebecd725e07bac225363f328de957aa5819b3":132.19938550812378,"0x17bf1a2ac1c903c8a7bf9fd6152f071d8a5a408c":6707.203067223098,"0x991333c1644254e42f7aae84079ee70740674c62":33.94308546830205,"0x794cd3f8e9bebdd990dbbeece6630520c99c44fc":18.87381789025571,"0x4b4502ae3ef491d0ab3c5c4558a6fbdb828d1f46":19.23705288379353,"0xb9e4c6b2e2a9769d681f7de17316698c1d36b344":42.89615009061782,"0xcc58accacd0db8010e4c8a20ba49d2dc9d4d7f59":214.3773819050656,"0xee8d39ab46c685889b3e4a31347dedb5739d553d":69.90898792966244,"0xf7c668dfcaca968f2ce01226ddb15eeb7210cf1d":6.78861709366041,"0x60876b1bef6613138e5a465fd995836dba6ecf56":1463.6462177456701,"0x383dc52b03c01b294d6f6e1d453b8d6b3f30ae02":2210.4315137107837,"0xebcab317b445e3bd83f44ffeacd70de60c011a3d":53.5943454762664,"0x1fac6eee2197c98d1ef0f166eccffa8632e9a279":1.4291825460337706,"0xc9d8679818d2d27d236c2a9a7704cc11c6e83da4":14.766909992947358,"0x6877fdeac0d0d5d61b4ca3bbd42501a2ff02c144":1119.1908308037055,"0xeb54669ac46b44d6a29eedda0daf7d9a8c4f7386":1.057561496109397,"0x19a29129e697cfef6e83d0f574a3b07095715908":0.06332154858741415,"0x56ee0f36fed67fa25465356d053fce7831375293":6.78861709366041,"0x7be7a0f8759eb126eee98fd4a6042133320b45c6":12.089005618468553,"0x1ac85677c789f3491ec74dc10ffaf655ef27da2e":6.9354795200868775,"0xa3e66ec6feaa3b0ba55e28d3dc0e2a7313df8837":1258.9810264166827,"0xb2b483eb632889873d3e8303fd60592e6c972f2b":2.3095563545605486,"0xf6a863fd6344f245ef686beb8d16b1e81391d6da":1.1153700764287968,"0x84acb4278360ab4a09df2f963a14724f51098518":63.775441876988246,"0x9589c0cb9b9ac45d8d40f5c8d1311b2127d6845e":234.99613591125467,"0x048fef9dd5b02ad15b80fa848397dc063ed56eb2":3.6658475452206205,"0x7e14c5748f9216c1c5256d46c8d044381c477dc1":31.253802594250036,"0x92cf1e3ee8b67ee478c64706705bdb4836146fc5":12.685487285723335,"0xb3f876c9972339a1405346b1a8a27204f0bc154a":58.441554454470776,"0xdf4cdd2ab79b487edabd3fb9781c57e4897daeae":4.364605759679746,"0xde55f9e8f9afb3a3e9518255961a4ab3f57eeca2":36.55001883772119,"0x4a32007040567190bed4fa6ff3f5a03c0d47c9d7":2.5715044029088907,"0x172ff17e137f470f1fa99a2f81a971fe996f24b5":14.221169970947845,"0x5fa73de624cf83501945b0e77485d67c309b16d3":2.045028640040467,"0xa00ba50f23e6377f74633610ab3a53b4a063ff7e":0.9640407838975952,"0xca6202803af63e352f4d74960b4321269414a27e":0.4259832633898547}}