{"details":{"chainId":"1","rewardAddress":"0x559b7bfC48a5274754b08819F75C5F27aF53D53b","total":25855.781113317265,"startBlock":16012577,"endBlock":16062676,"includedVaults":{"1":{"0x559b7bfC48a5274754b08819F75C5F27aF53D53b":{"0xEcbd32bD581e241739be1763DFE7a8fFcC844ae1":{},"0x60d133c666919B54a3254E0d3F14332cB783B733":{},"0x8C45969aD19D297c9B85763e90D0344C6E2ac9d1":{},"0x98eb27E5F24FB83b7D129D789665b08C258b4cCF":{}}},"10":{"0x3F56e0c36d275367b8C502090EDF38289b3dEa0d":{"0xB9C8F0d3254007eE4b98970b94544e473Cd610EC":{},"0x062016Cd29Fabb26c52BAB646878987fC9B0Bc55":{},"0xF9CE2522027bD40D3b1aEe4abe969831FE3BeAf5":{},"0xAB91c51b55F7Dd7B34F2FD7217506fD5b632B2B9":{},"0xbf1aeA8670D2528E08334083616dD9C5F3B087aE":{}}},"137":{"0x580A84C73811E1839F75d86d75d88cCa0c241fF4":{"0x3fd939B017b31eaADF9ae50C7fF7Fa5c0661d47C":{},"0x88d84a85A87ED12B8f098e8953B322fF789fCD1a":{},"0x1F0aa72b980d65518e88841bA1dA075BD43fa933":{},"0x11A33631a5B5349AF3F165d2B7901A4d67e561ad":{},"0x305f113ff78255d4F8524c8F50C7300B91B10f6A":{},"0x37131aEDd3da288467B6EBe9A77C523A700E6Ca1":{},"0x11826d20B6A16A22450978642404dA95B4640123":{},"0x87ee36f780ae843A78D5735867bc1c13792b7b11":{},"0xF086dEdf6a89e7B16145b03a6CB0C0a9979F1433":{}}},"1088":{"0x3F56e0c36d275367b8C502090EDF38289b3dEa0d":{"0x5A03716bd1f338D7849f5c9581AD5015ce0020B0":{},"0x10DcBEe8afA39a847707e16Aea5eb34c6b01aBA9":{},"0xC09c73F7B32573d178138E76C0e286BA21085c20":{}},"0xDeadDeAddeAddEAddeadDEaDDEAdDeaDDeAD0000":{"0xC09c73F7B32573d178138E76C0e286BA21085c20":{},"0x10DcBEe8afA39a847707e16Aea5eb34c6b01aBA9":{}}}}},"values":{"0x658d6ecc9c9ad22e05492c93a68b88feff61b93a":103.41459759305197,"0x9eb408e53dfa0c877b65bbe874de81247212380e":374.78834186110856,"0xb4c82b6d3767c6f2d6cae7f13bd5f6b3df7ba221":38.231986898570376,"0x2a48d3be1b3603af83ff5f72df5b14b8cfd37164":465.00035941505797,"0xaa17879e7cac3aee12d6aa568691e638ef0c57f0":41.64314909567873,"0x51a125f89cbe0bfbfd62fee8a750aaec8fabc441":3.3173773527529256,"0x80b3153f39aeec1ef68adc038913698e103e6e1d":14597.007341337214,"0xfd8a63085804dcb95417fe33f9e49253522c68dd":702.7052345107942,"0x09fa38eba245bb68354b8950fa2fe71f02863393":0.3572224596511182,"0x6e868846b2182235c16fd122fcd44739e55a58e4":1.878999822317237,"0x1cdfb7f34e9d8bbaf5583a58783bfc4b67d3127b":4.302870483070387,"0xc399cb4679a5f59a6a4f00473437d0273dd5d7b4":0.3247480153396162,"0xd3f85ade70adf48ed17c8cb182b8b1aff542e51f":0.7292689331773698,"0x1395de9daec52ad405e945603ea0a9346d00d01c":0.32474769059192565,"0x947e7c813961b76133cc4492700e8b2fc93642e8":0.5866563475271103,"0x0394b816fe290049b04bc8bf8e89d38a80f5ecba":2.9604642754576935,"0x9aa8cc57ef8793975f60e23611af8804070a4f22":0.8118692264798142,"0x4334703b0b74e2045926f82f4158a103fce1df4f":388.2692184922935,"0x82e8936b187d83fd6eb2b7dab5b19556e9deff1c":4.407505286214395,"0xd3f486244745a12263c702bd901d4c9a19390ef7":1.3475448234600067,"0x50cd4175e0bb2cc85c225911096dbdd01dd14926":194.31148807548104,"0x3448a827d60cb53a0f3bbd86be781c24b25a6de6":1309.3929978145345,"0x9f620ccbcb854f15575bcefffc41dac3173f2b48":194.31148807548104,"0xeefd6537adbda7b1a9da3f6607dda26b048489c2":193.98748113878347,"0xa44d3bbdd1ffeff9471b250fae74b29c1659f226":290.9801105773337,"0x62ace6e511476adcc8635b92e457f604bd22ad32":514.072913756716,"0x315e6635a6ad955f08b044a6ef67b53d6b72d621":290.9801105773337,"0x8a2806405aa43150f3f9ed50230ed6c19010b506":194.22264835499033,"0xd1c9a97c5687eaa1e22c89d7f38a568c99f30604":290.9801105773337,"0x092e7471a55c416f12d3340c6cce1a4bcc373089":194.0061390589276,"0x9c47dc9f22154805fea6bccdb67b22bb8d441d42":67.96768345077307,"0xba805ac5cc5701617253680f7e28abbe8ae6e033":188.15562034167615,"0x2733a08e54a7bac5155b66a718b626dc76722d9b":193.98674038488912,"0xea22e820a89ba3e188f91966f6841b9902d964c7":232.78408846186693,"0xfb74196eccf35a260dd5cfd300baa37ae058b6c0":484.96685096222274,"0xd0b53c43d3e0b58909c38487aa0c3af7dfa2d8c0":1939.867403848891,"0xb6d28ede28ef0f018b301f6b09359631af125428":2348.397733940223}}