{"details":{"chainId":"1088","rewardAddress":"0x3F56e0c36d275367b8C502090EDF38289b3dEa0d","total":27728.72436440383,"startBlock":4070375,"endBlock":4105446,"includedVaults":{"1":{"0x559b7bfC48a5274754b08819F75C5F27aF53D53b":{"0xEcbd32bD581e241739be1763DFE7a8fFcC844ae1":{},"0x60d133c666919B54a3254E0d3F14332cB783B733":{},"0x8C45969aD19D297c9B85763e90D0344C6E2ac9d1":{},"0x98eb27E5F24FB83b7D129D789665b08C258b4cCF":{}}},"10":{"0x3F56e0c36d275367b8C502090EDF38289b3dEa0d":{"0xB9C8F0d3254007eE4b98970b94544e473Cd610EC":{},"0x062016Cd29Fabb26c52BAB646878987fC9B0Bc55":{},"0xF9CE2522027bD40D3b1aEe4abe969831FE3BeAf5":{},"0xAB91c51b55F7Dd7B34F2FD7217506fD5b632B2B9":{},"0xbf1aeA8670D2528E08334083616dD9C5F3B087aE":{}}},"137":{"0x580A84C73811E1839F75d86d75d88cCa0c241fF4":{"0x3fd939B017b31eaADF9ae50C7fF7Fa5c0661d47C":{},"0x88d84a85A87ED12B8f098e8953B322fF789fCD1a":{},"0x1F0aa72b980d65518e88841bA1dA075BD43fa933":{},"0x11A33631a5B5349AF3F165d2B7901A4d67e561ad":{},"0x305f113ff78255d4F8524c8F50C7300B91B10f6A":{},"0x37131aEDd3da288467B6EBe9A77C523A700E6Ca1":{},"0x11826d20B6A16A22450978642404dA95B4640123":{},"0x87ee36f780ae843A78D5735867bc1c13792b7b11":{},"0xF086dEdf6a89e7B16145b03a6CB0C0a9979F1433":{}}},"1088":{"0x3F56e0c36d275367b8C502090EDF38289b3dEa0d":{"0x5A03716bd1f338D7849f5c9581AD5015ce0020B0":{},"0x10DcBEe8afA39a847707e16Aea5eb34c6b01aBA9":{},"0xC09c73F7B32573d178138E76C0e286BA21085c20":{}},"0xDeadDeAddeAddEAddeadDEaDDEAdDeaDDeAD0000":{"0xC09c73F7B32573d178138E76C0e286BA21085c20":{},"0x10DcBEe8afA39a847707e16Aea5eb34c6b01aBA9":{}}}}},"values":{"0xc5b67fa1a911af92d71ffe222fbc5ab4d0dacb42":15315.750010413922,"0xcba1a275e2d858ecffaf7a87f606f74b719a8a93":613.4331581150445,"0x32524b1df07d622d38319d81ea1c4f4a29187437":135.80799490554895,"0x19241812c6434bb55d7828b81268070dbbf9f70b":8.7277759144954,"0xb7d4cc582bf137166e1499960754d32558e18440":56.602659353869285,"0x98771bba24d57af722b4b43f55e002df4f7d29b2":117.11781975130825,"0xd6fd705ee0b31a9300d3e2154bcce777270cbb6f":523.381522900096,"0x3a542300159d084382e228ec8f54a402451e5a67":31.00691688605049,"0x48cf1cba8cd942818aab23f1af48470020138891":3311.2286072765837,"0xa2e05af8d9271bb0acec0909de1173005cbb05cb":1.3697390441661983,"0x7fe4d3f9a56444a7a779d691b1c1c2421c0c9aab":40.466746740002456,"0x367947a84d47f9722f043042bb6b0e7b3369ecea":12.194177320498401,"0xd956d35c348daa334245402a31fde52120b1dcff":3.5380108935979155,"0x4ffcb4a325dc359b39215c694bbfbfaf6485097b":8.565678793471772,"0x664fe0585ee5df5d0d18f481fcd197c6d00ab25c":79.7274184881829,"0x0a66a105ea8a4fc5a0475b37cd4be050621b95d4":84.95462093095792,"0x98940c00e5165cd6421b50b1c9e5f7c594bd9797":12.384280425157472,"0xc9c026d92314aaa032cf493db1058b143dbf9aff":3.341372916008271,"0xd84f7d807e085fd12abe9e874695db94d989caa5":119.33234671832149,"0x24ec3be409cd0c4ef4f79a1bc08efc205484031a":2.8644736518506524,"0xc45d05cdc809d20c7b14959e8cd4a1199e3e966f":11.098405427827501,"0x954c8952cfb768617141a2cbeb2b23faaf7b89cf":4.522995531378038,"0x44aac8a5450461b39eabfa1ca0758ff73498d7f9":1480.3612403559125,"0x3b82b31bbe0dc3fe0f13d17f9a4d0455ef562e06":146.96594199652375,"0x5e15ac21b44288b59a963a8c6730f553e200477a":4.434246298363055,"0xe8cc747b7feeb7cf32522d8b116ea54930208e2d":2.640747578292345,"0x5d6c710647b47d257f1974d4f0666e65d2c0728a":31.241752519059457,"0xa618f8841e70b0543a921768ea5b229ecd9a4ba8":5.487418436033141,"0x9cfb077e441b17d7126e2bba4203e0d263e27d24":9.726300347109854,"0x988e886b14a58dffa124230a489ad83f64008854":791.1978997336757,"0x3c5a328a5b33265740a8c1412bd82364d3b220c6":3.149081771306644,"0xb2d7c3aec073443011a42a25f8577920890b37cc":55.76305701339125,"0xe32650e748e7e4aba16181d9882d15ba328d5a78":45.7543071532892,"0x9d458d056ceedca9c7b7d71a093cad9e54f1d14d":11.128865046567222,"0xd473781816837c7cd2fadc34e66f09786d2e2694":1.5498722054797425,"0x158cbe24e0c054c5d06c5984763177ccd27839a8":48.44471424412781,"0x29043e78830f5934195c9927870b9bde9b9aadac":2.978697293046188,"0xe259bc0b82c40791b5c0b882bc1e25a477e1f5fb":3.0633741390125047,"0x986fcc6b0d290308ad6f6a0e8471f74f53dec06a":7.036924834580685,"0x16643680f8423948c469b2ea02a1544337535532":8.708825483094579,"0x9b3780d3e439650a16c78cba5f9b82b483eeaa81":57.084811119129526,"0x87fc1313880d579039ac48db8b25428ed5f33c4a":79.84952356571777,"0x3dd1b656fcc459cc4cf203b53aaabf8c85181f1d":4.308903967127053,"0xe0ba6c4c82376c76386d1ca2ae2516ab18882e3c":28.379404554786614,"0x3c7e870ce51a3429a3d2dfc4454282a8676f2029":286.20354788002123,"0x97c1e7465f0d7424ffda9f4dfeb6532f983f8a5c":17.581786573009513,"0x2b5a0be5940b63de1eddccca7bd977357e2488ed":1.9653978838821524,"0x02d7f554e465e34f7d84610c4a258c22529ff610":6.205139900615761,"0x6d91286c1228313828d8284f117cc4fa6c04535e":46.25280915836704,"0x001ac3f0972b620cd6be82ba54d111614d7d48fb":17.878803475689615,"0x68db64a8cc0aea50b479bdd5bc3b3dd5e5821ed4":3.3633317799501468,"0xd05a99199a4ce3b24e80ed552fd8f8b0ac870910":0.1823477465668409,"0x1f1108c1a8ac0feb8050c13e22b2692a5d0d3043":4.8275245742890585,"0xc40d9c885c9b732884135869ebb702d48a43f895":32.14828566313215,"0xe49f9c282fe9c9bec52905cf11fbb93a59568fd9":5.1472963025970415,"0xf18c2bc2e45a494e34c8cc553323f0e870bcee59":4.1437234655048565,"0x5ad911da81b204627df872780981b0d90f25c33f":191.88362078512185,"0x94ce1d981e8d5e4472056949a07c7449e9a36f52":3.320467312793656,"0x4742b30f35035c666c5cba2e8670052b179e0404":24.71419816134539,"0x6a9010d6b42edb226a85bdfe577a3f8dfcd184c7":13.169108382131427,"0x2414bd66e49f1adfdd5d9a17ce2cd6a98e2c2ac5":17.779660862106127,"0x3595b7cc9f54e623732036a917b36f96c11428f6":18.619428618105093,"0x38bca3a2678632b0a52c381010ca0b39ef202723":14.058582202723208,"0x3eedb85da27cac4ec83ab5a8a38f18b0edbc7042":31.64234270798921,"0x5a008fbc7551023d888976b8d410e587ca6a077b":6.583992369854852,"0xf6bf4b88a8067f5216c1e2e50008cbbb1da60d35":13.302738895089163,"0x8680b61c2f2ca7ec8d70ae7274b9dcf62b0426f9":4.434246298363055,"0xb0cbdabfc728ac3cac3a14420028c495deb96b77":3.2908235376157795,"0x0097bc49e4c33eae61d5b3b661da92f1f9e2af21":7.759931022135346,"0x5929cc4d10b6a1acc5bf5d221889f10251c628a1":12.470759235835196,"0x7e792062cdd8cf508f708ab5b26d20a8cccd6336":2.587829146832919,"0x8896e0833d371a358ee06eba7d4052d3e69aa189":3.6719832936603867,"0xa06b4f71b94ec6b59e0633c015772d3f1efdf7ca":17.16077723515004,"0x9affe964574192aab6da32acec63d79b3671be4b":533.6991432652096,"0x94460735f455db73d0f2682e1aaf8ccd1e466af8":41.284634675752926,"0xe72994419480d9a0b3ab38e53ef7d7c28c48193d":308.4714579128099,"0xaa9d5cdadec5b530fa6d9cbb5905e38742629134":2.990097694334823,"0x6bc03d43a138b295541739ebbf89b8bfdc2d00a5":1.075460615927736,"0x93beca36d5bcdc7be0f9ca38b1b5f5f5292aa859":73.37571977662134,"0x76b7864e802c4bc8d6cfa4929fde708dd9f69812":87.98264580398994,"0x5aadb7a698bba2ac19b52877bb60a436a9965fa5":16.23432309543682,"0xfbf2a4db9aef5757f3a758859a9132af55754fa3":9.61922181655527,"0x282195045230bce0b27c6458372e251e0518bdb2":0.6174653478900555,"0x9f6d8d7c57e989fedf1d50d9cf66c91def446405":6.382436809489513,"0x183b6267cb9f985a8aa7fc912672a21d644a4102":24.66390539754053,"0x3e38ef489af0e780fb1a18db36b47efcb6a859b5":5.482733110355295,"0xc1d1cc2add1a2ae568080e36655a3cad4ba101d0":1.1081856599920854,"0x1091fb53079f123e823859919e9f7be919b754e9":0.07050189730969061,"0xc255bfb9f6d8bf563b3c6ccaa784c530569619e6":0.018202559463895443,"0xdb23905e09bc6934204991f02729392a11eed8f8":0.004651949972512807,"0x598a69c02d6c71a4ba9180f38e463e25d24083b1":12.487400886883728,"0xe0eae533863f6818342fa589f7b466fc3bcbbb74":93.89662705676093,"0x2c48a579668f76dbf59c20b9273da9083be65f52":1.2498581138982403,"0xc399cb4679a5f59a6a4f00473437d0273dd5d7b4":243.39331752176776,"0xd3f85ade70adf48ed17c8cb182b8b1aff542e51f":199.90151995377875,"0x092e7471a55c416f12d3340c6cce1a4bcc373089":192.12569419133015,"0x09fa38eba245bb68354b8950fa2fe71f02863393":29.137268736062033,"0x5d98609f4a43ed4d36dae38a58365b352109c7a6":23.41387666290699,"0xe5ae5aac9a19ec43abdd161e95640a1cc12ae348":78.75152011184302,"0x152ce5033cd865edc7bcec99333706c6cae13220":2.020340526861584,"0x73bb129019992794002af6f53a86d671a4887901":37.03535812261083,