{"details":{"chainId":"1088","rewardAddress":"0xDeadDeAddeAddEAddeadDEaDDEAdDeaDDeAD0000","total":187.49999999999923,"startBlock":4070375,"endBlock":4105446,"includedVaults":{"1":{"0x559b7bfC48a5274754b08819F75C5F27aF53D53b":{"0xEcbd32bD581e241739be1763DFE7a8fFcC844ae1":{},"0x60d133c666919B54a3254E0d3F14332cB783B733":{},"0x8C45969aD19D297c9B85763e90D0344C6E2ac9d1":{},"0x98eb27E5F24FB83b7D129D789665b08C258b4cCF":{}}},"10":{"0x3F56e0c36d275367b8C502090EDF38289b3dEa0d":{"0xB9C8F0d3254007eE4b98970b94544e473Cd610EC":{},"0x062016Cd29Fabb26c52BAB646878987fC9B0Bc55":{},"0xF9CE2522027bD40D3b1aEe4abe969831FE3BeAf5":{},"0xAB91c51b55F7Dd7B34F2FD7217506fD5b632B2B9":{},"0xbf1aeA8670D2528E08334083616dD9C5F3B087aE":{}}},"137":{"0x580A84C73811E1839F75d86d75d88cCa0c241fF4":{"0x3fd939B017b31eaADF9ae50C7fF7Fa5c0661d47C":{},"0x88d84a85A87ED12B8f098e8953B322fF789fCD1a":{},"0x1F0aa72b980d65518e88841bA1dA075BD43fa933":{},"0x11A33631a5B5349AF3F165d2B7901A4d67e561ad":{},"0x305f113ff78255d4F8524c8F50C7300B91B10f6A":{},"0x37131aEDd3da288467B6EBe9A77C523A700E6Ca1":{},"0x11826d20B6A16A22450978642404dA95B4640123":{},"0x87ee36f780ae843A78D5735867bc1c13792b7b11":{},"0xF086dEdf6a89e7B16145b03a6CB0C0a9979F1433":{}}},"1088":{"0x3F56e0c36d275367b8C502090EDF38289b3dEa0d":{"0x5A03716bd1f338D7849f5c9581AD5015ce0020B0":{},"0x10DcBEe8afA39a847707e16Aea5eb34c6b01aBA9":{},"0xC09c73F7B32573d178138E76C0e286BA21085c20":{}},"0xDeadDeAddeAddEAddeadDEaDDEAdDeaDDeAD0000":{"0xC09c73F7B32573d178138E76C0e286BA21085c20":{},"0x10DcBEe8afA39a847707e16Aea5eb34c6b01aBA9":{}}}}},"values":{"0x7fe4d3f9a56444a7a779d691b1c1c2421c0c9aab":1.024188781650218,"0x598a69c02d6c71a4ba9180f38e463e25d24083b1":0.35959396570615915,"0xe0eae533863f6818342fa589f7b466fc3bcbbb74":2.7038981767004833,"0x2c48a579668f76dbf59c20b9273da9083be65f52":0.03599159183067183,"0xc399cb4679a5f59a6a4f00473437d0273dd5d7b4":7.008885921646138,"0xd3f85ade70adf48ed17c8cb182b8b1aff542e51f":5.756472540764801,"0x5d6c710647b47d257f1974d4f0666e65d2c0728a":0.7350650436001797,"0x092e7471a55c416f12d3340c6cce1a4bcc373089":5.5325556466178405,"0x09fa38eba245bb68354b8950fa2fe71f02863393":0.8390525866477047,"0x5d98609f4a43ed4d36dae38a58365b352109c7a6":0.6742386856990484,"0xe5ae5aac9a19ec43abdd161e95640a1cc12ae348":2.2677714665307724,"0x152ce5033cd865edc7bcec99333706c6cae13220":0.05817882109431732,"0x73bb129019992794002af6f53a86d671a4887901":1.0664902503967673,"0xb2d7c3aec073443011a42a25f8577920890b37cc":1.1860802531093841,"0x3a542300159d084382e228ec8f54a402451e5a67":0.47172379656870544,"0x9cfb077e441b17d7126e2bba4203e0d263e27d24":0.17485924347172824,"0x4f13fb0dd3d43a4511c1c6ef49569287ee968ae5":0.10589150128197111,"0x98771bba24d57af722b4b43f55e002df4f7d29b2":1.469388943453242,"0x9f6d8d7c57e989fedf1d50d9cf66c91def446405":0.16604349118323242,"0x81f45b90e54589b9251abd2a65c8c55f1e83d0cb":0.8930157946282955,"0x0a66a105ea8a4fc5a0475b37cd4be050621b95d4":1.5303615780108393,"0xb7d4cc582bf137166e1499960754d32558e18440":0.9244572862595,"0x6f3a8f9fd0da6b3ea4860ad7df347a06f1c65bdb":0.5242832839675652,"0x616fa7037c11bd5e05f8b0d6ef281c9ca8ab7498":0.4494924571326989,"0x3b82b31bbe0dc3fe0f13d17f9a4d0455ef562e06":1.6975426648333387,"0x44aac8a5450461b39eabfa1ca0758ff73498d7f9":24.74755259734471,"0x3d045f52223a9595fb18377b6ca7ac8e220ab35a":3.0727354001644316,"0x3c61a6857adb1f4ba6a0155b990bf7a7fa530390":0.13578073236590985,"0xe456ff3e321be2675a5aeb56b3623586254c3419":0.16282752803098066,"0xa77208ebcab6a884b2617731ce2888c6abf72dda":0.22474622856634946,"0xc40ebdc95e9fae4ada1a2c5093d0599afe0256bd":2.1006280830001463,"0x8cc553fd466fd2c163bcda9a24d354f63318d20d":0.12026820728567579,"0xd670a99b9ad6b9fe256294f51cfe5f38e51d54aa":0.8989849142653978,"0x598c5e19a132a5c433a80c908f05d87bfdaac4ae":26.30595370996708,"0x868d9a5ee67ec78fe793f5a9ca045b89a7330452":1.6260976131806206,"0x38bca3a2678632b0a52c381010ca0b39ef202723":0.35502336560233966,"0x37069f8c6125a3ff9e81e277839db84f4463b254":0.054822969659121264,"0xf5b6d7f8a390c6af686903ac6c9793ddec73c895":0.049014161734969114,"0xc5ebbc325f9c5520f703c5d6ca36361d4bea5ab8":0.08019190142709362,"0x16643680f8423948c469b2ea02a1544337535532":0.16640868176515508,"0xf278cd2ba9908b329095998cadb684797b13065e":0.04532097671149371,"0x3f3c61e7b3fda491cafecb644fd3b682b4ca8777":0.01036379508609649,"0x8aec81d55d5a676f7884f8d2d2d80a64373b1c10":0.23780314123205104,"0xed51d70c30acbab4ca261057c4dd94f8942127de":5.733438182428761,"0x131175cb0b6bd3fed188bf30bf590f31f4386533":0.04340664149484606,"0xc7ac35c412cb902f1c90d1498d04758f3d23d8a0":0.11986465523538638,"0x5929cc4d10b6a1acc5bf5d221889f10251c628a1":0.29231590486085973,"0x2b92e7f978871abbffceb49bc0570253bc2d7e86":0.17979698285307957,"0x20665e0b5fb3e81abefa4d2ab515bdf0e6fa6700":1.4983081904423299,"0x3982f7e1051ce72a4f8088d28580f41e242333c5":0.2811005619655889,"0x8daf5d971c5394db1c6aeaf05e5e339b1c61b64b":0.026497694916695902,"0x5227085573fdf8ea8654997dec553836a50d3ef0":0.02073732645654462,"0x5aadb7a698bba2ac19b52877bb60a436a9965fa5":0.1709037118450047,"0xcba1a275e2d858ecffaf7a87f606f74b719a8a93":7.194259668581915,"0xfbf2a4db9aef5757f3a758859a9132af55754fa3":0.15182215329025764,"0x5e7765d3585058c7ad2bd69008cc551fbcd0ec20":0.013602848068100455,"0xc255bfb9f6d8bf563b3c6ccaa784c530569619e6":0.00031530005898394,"0x32524b1df07d622d38319d81ea1c4f4a29187437":1.3903546957238806,"0x19241812c6434bb55d7828b81268070dbbf9f70b":0.08935191359230248,"0xd6fd705ee0b31a9300d3e2154bcce777270cbb6f":5.358196758043233,"0x48cf1cba8cd942818aab23f1af48470020138891":33.89919898268183,"0xa2e05af8d9271bb0acec0909de1173005cbb05cb":0.014022908690296858,"0x367947a84d47f9722f043042bb6b0e7b3369ecea":0.12483971735121958,"0xd956d35c348daa334245402a31fde52120b1dcff":0.03622091661729642,"0x4ffcb4a325dc359b39215c694bbfbfaf6485097b":0.08769242002909021,"0x664fe0585ee5df5d0d18f481fcd197c6d00ab25c":0.8162213921947749,"0x98940c00e5165cd6421b50b1c9e5f7c594bd9797":0.12678592636798808,"0xc9c026d92314aaa032cf493db1058b143dbf9aff":0.03420780585979241,"0xd84f7d807e085fd12abe9e874695db94d989caa5":1.2216827788891054,"0x24ec3be409cd0c4ef4f79a1bc08efc205484031a":0.02932547818998218,"0xc45d05cdc809d20c7b14959e8cd4a1199e3e966f":0.11362158842238301,"0x954c8952cfb768617141a2cbeb2b23faaf7b89cf":0.046304844425124794,"0x5e15ac21b44288b59a963a8c6730f553e200477a":0.04539626085498894,"0xe8cc747b7feeb7cf32522d8b116ea54930208e2d":0.027035048991436154,"0xa618f8841e70b0543a921768ea5b229ecd9a4ba8":0.05617826840935666,"0x988e886b14a58dffa124230a489ad83f64008854":8.100007042344174,"0x3c5a328a5b33265740a8c1412bd82364d3b220c6":0.03223919645525799,"0xe32650e748e7e4aba16181d9882d15ba328d5a78":0.4684165747709538,"0x9d458d056ceedca9c7b7d71a093cad9e54f1d14d":0.11393342333294319,"0xd473781816837c7cd2fadc34e66f09786d2e2694":0.015867048918286046,"0x158cbe24e0c054c5d06c5984763177ccd27839a8":0.4959600204624817,"0x29043e78830f5934195c9927870b9bde9b9aadac":0.030494859830653205,"0xe259bc0b82c40791b5c0b882bc1e25a477e1f5fb":0.03136175172821958,"0x986fcc6b0d290308ad6f6a0e8471f74f53dec06a":0.0720415723243661,"0x9b3780d3e439650a16c78cba5f9b82b483eeaa81":0.5844143067511679,"0x87fc1313880d579039ac48db8b25428ed5f33c4a":0.8174714612208318,"0x3dd1b656fcc459cc4cf203b53aaabf8c85181f1d":0.04411304995913444,"0xe0ba6c4c82376c76386d1ca2ae2516ab18882e3c":0.29053840616700743,"0x3c7e870ce51a3429a3d2dfc4454282a8676f2029":2.9300517028071025,"0x97c1e7465f0d7424ffda9f4dfeb6532f983f8a5c":0.17999617429003115,"0x2b5a0be5940b63de1eddccca7bd977357e2488ed":0.020121055308428518,"0x02d7f554e465e34f7d84610c4a258c22529ff610":0.06352604943799398,"0x6d91286c1228313828d8284f117cc4fa6c04535e":0.4735200637376364,"0x001ac3f0972b620cd6be82ba54d111614d7d48fb":0.18303692933275045,"0x68db64a8cc0aea50b479bdd5bc3b3dd5e5821ed4":0.03443261301945619,"0xd05a99199a4ce3b24e80ed552fd8f8b0ac870910":0.001866812376327312,"0x1f1108c1a8ac0feb8050c13e22b2692a5d0d3043":0.04942250612898915,"0xc40d9c885c9b732884135869ebb702d48a43f895":0.32912289119866983,"0xe49f9c282fe9c9bec52905cf11fbb93a59568fd9":0.05269621710839026,