{"details":{"chainId":"100","total":20650.7157873661,"startBlock":"22979134","endBlock":"23098612","includedVaults":{"100":["0x5c49b268c9841AFF1Cc3B0a418ff5c3442eE3F3b","0x014a177e9642d1b4e970418f894985dc1b85657f"]}},"values":{"0xfb96e0c2dcaff9d18cb876c26019040c50c242d3":0.27238393627139323,"0x89a8487860965d053bbddeceff17f43db2bb696a":22.825531644856582,"0x6c2693f5a936f37ed03cfa8465bf2d8beff19a0f":142.59671407342694,"0xdceb0bb3311342e3ce9e49f57affce9deac40ba1":16.762419388560485,"0xc6a82e72156a11a2e1634633af5e4517b451f0d9":128.0874896768336,"0x7ee567d2ac5dca4c422281deb1e2334a805ba6c1":3.0914340029542684,"0x1dd827cfd8db0bfef1f5362939e6f998453932cc":0.009021150880381775,"0x1e76528159d10806caaf1ff00a45fc218d1d354b":19.936770114677294,"0x4a0d5319665a5eb094f841af9ce0a34bd3879412":5.470749562261814,"0x69d962a66e5bfff0875cb7a6345be283bc6437d2":23.269057948311513,"0x3f42e16c9cd5682cbce3b01cdebc606382755d47":0.922928848269751,"0x6e868846b2182235c16fd122fcd44739e55a58e4":5.718191503430071,"0xcc58accacd0db8010e4c8a20ba49d2dc9d4d7f59":345.2503255705662,"0xf7c668dfcaca968f2ce01226ddb15eeb7210cf1d":1.6010936209604198,"0x5a010c2f9182c03a2247b2daa9fe5033b727a06a":11.531431926948176,"0xa0c022b8a2627c350d09074b343754d56064c0fa":36.943864459321375,"0x69d6c073b693c250e26b9daaa439bfcb4993a6e4":52.37624249148207,"0x8dbb73adff0c48e4355b6e8aaa0c23603213b6c9":109.56227278673282,"0xb41a129c22b8f135fc1b81e93ee1d4eca49c31b9":17.154574510290214,"0x06bef074c8607e015077f5c899386ade7ec2e521":34.90603457507506,"0x7fe4d3f9a56444a7a779d691b1c1c2421c0c9aab":68.61829804116086,"0x9c8a7d90155ee178ade1b66e0d6b72c4d252447f":15.076553895070125,"0x2c32dc131475adb881510a5685170c1b1d4ea832":19.60486843601474,"0xd6b2095e913695dd10c071cc2f20247e921efb8e":22.6478875601414,"0x96fd2bbfdcb3ceefd0b43015591472f4e239692c":57.27477846431641,"0x78e87757861185ec5e8c0ef6bf0c69fa7832df6c":17.016955403031005,"0x1bca3e8c3e0b452c0d03d6f1fa58f500fc3c66f6":27.44731921646434,"0x5c58bc64733cf0616c2e8aa5d8fa8d872046dfed":2.4257399371335753,"0x5275817b74021e97c980e95ede6bbac0d0d6f3a2":814.8784117157545,"0xae477e884011c4bcd5584a01bdf02aa4de540aba":4.694142859882839,"0x31aca8a351e67696eeccf0b7af03d41ee80998eb":0.20585489412348254,"0x209cc72c78999a4536df882d969e49029605cd04":9.620479556411142,"0x09fa38eba245bb68354b8950fa2fe71f02863393":85.4772761998217,"0x1395de9daec52ad405e945603ea0a9346d00d01c":91.49106405488114,"0xb711f182d3e607096a4dc5960a7c09b1a9697d36":2.2872766013720285,"0x8fb20c72139b2a971ab814503d61111349f8cc78":89.20378745350911,"0xa7abef772f118671390a557f1fcdfca4cf0a52ab":5.394011804493542,"0x5461c09d7b61e4beffcd782dc333f102ed7f6e24":43.94788287577352,"0xcfcdcde4d1c654ed980b4b3f6ff782194b3aa666":256.1749793536672,"0x5fc68ba8aabbc0057403b28009ffddaf4d610729":0.5540752173354657,"0xce57ebed9ac38402dcaa44f65a1c9b04e26b8283":8.0054681048021,"0xd0214b7e8a7821a5cb07024bc00d64ece8cc1067":987.6742705845259,"0xd917802e8927969a824ca5fbcdb635fab76ff8ac":11.984088702743394,"0xeefd6537adbda7b1a9da3f6607dda26b048489c2":82.34195764939302,"0xdec32b716e0edab31b49dc66ad83178346eecd67":1.7730624040391059,"0xeda089739e7110819e680896a1edf752f2532fb0":11.436383006860142,"0x7cc1a622fecead4a1c9939031a262858bbcab0ed":8.993308267170262,"0x2b92e7f978871abbffceb49bc0570253bc2d7e86":11.436383006860142,"0x0fcaf922a7f33201f5caf3b87e5ecb9b994c6a2a":9.149106405488114,"0xd61015823b60a7c6e156c887a72467a8170259d2":52.62950579165312,"0x5001261b0b6f92ce48d1a3c4f334750a28f69613":60.28968904996981,"0xb3d88863240dbec830e989e6333cd3f98b25e46f":36.776365235348585,"0x1cbd4704f528cc2293b9822c6ed2eb52fdaaa845":2.7359716877641715,"0xbed58fa67bd966a40460b42f065dcccb0fd4fe4f":5.66448885275736,"0xb98cce9b3c6c9c119f6300d91d2f9bb9a7c38fbe":1.1893838327134547,"0x83fbdeb48d3f4830cdbc75f5d1fa1d9f8b530268":6.861829804116085,"0x5f7b30c41f68c12018e0ca64bf8a57e3bef454f6":54.942790120520506,"0x35dbaf8aba2fc63a9250dfaf5754b512e37c73d7":28.187737185451557,"0xc535e19eeed3f4a7f56819e77fb9d31e1a41a0bc":0.6861829804116085,"0x9a80ec4259baf2d62ba5cdea03049f0cc53244a0":1.9498744777482295,"0x0ef13f0a855adc205d3888704b53bfba7121ae5c":10.88601963281344,"0x6f278ce76ba5ed31fd9be646d074863e126836e9":5.481031387281687,"0x29c3e6edc2385c4f85248b8b7e43cce8dcd6bd78":22.872766013720284,"0x830ad77c26c5e0fdbcd353ac338ec08053c1c02c":30.18049656252291,"0x6371024c5ffdaefef716adce3cac52ac6181cd9d":1597.2144508880808,"0xe7ef5f4803e85f91871bc8f4a609b954f2112ac9":208.25649217403304,"0x7441cb7d4940ce9ecd8738a44afc7b94a089c207":66.72999374660216,"0x368955efb1bf001683cb5f7ab223380caf0b86e5":2.3538820960039817,"0x8238892095d3bac5322894e84f349bcd52f843d5":8.114306048060055,"0xdc1c5a3d2173d6bcc0d6a62b7e94c00f88ddbae8":1.1385701449466672,"0x3d045f52223a9595fb18377b6ca7ac8e220ab35a":181.47606672842946,"0xc8728ae130381eb77fc9a8b715564b00e83e19df":73.83019702361528,"0xa4dda080e000478eb51c5a9e1122f98ca76ebd8e":1.3349805167297808,"0x5ffe252ef723b2b5938f9da6eeb309c15e965baa":0.006301608201645018,"0x721675cc9129bf75935de33fd749f49f7e45b046":0.006301608201645018,"0x199d53a6982a6281d0e2169b1c6473e0fb00d741":0.006301608201645018,"0x9ce0cb34df508e3f3b5bab1682803befbe333c83":0.006301608201645018,"0x17590d2dbb327292d749e4eb06dba4abafd43b47":0.006301608201645018,"0x36b9a3040a9ceb1861119206578cf32918213dbf":0.006301608201645018,"0x2984331f3c151063cfa4bc47af03d6333d5cf8e6":0.006301608201645018,"0xa2e05af8d9271bb0acec0909de1173005cbb05cb":0.006301608201645018,"0x657d54c9ac70b83a6d746addf6c6ad43e470fa0a":0.006301608201645018,"0x3520891d5bb5d05e959eb1c89797382a9cb2baaa":0.006301608201645018,"0x02ff537c4e2995d7ce0be764fea5b9fa5d782cf5":0.34658845109047737,"0x14a6918283ef3181b3c950aaa818554d2396a8ec":8.057588144305385,"0x926f8b145e2210ed46b3e5258a96927bb56b5612":18.90482460493513,"0x41374b389772d5aed41240a57f5ffb087c6bfa93":277.6966539739362,"0x458cd345b4c05e8df39d0a07220feb4ec19f5e6f":12603.216403290087,"0xd145860c3cad12aeec9d8021d36b48d7fad09454":6.301608201645044,"0xc5a9fe8392f7e402297d627a2e2eef1bb0c4010b":650.9293334451776,"0xcfb7ab914c8b93391cb5b2ba95fa7239e1ee2bbc":9.452412302467565,"0x34ff77a853a14579d2120ac08c5e342cee08ad71":6.301608201645044,"0x912e959123909d7deedaad424baba0e7e9604ed9":16.02720101105328,"0xc00a6614b8030ce216302016e11c6b4140b5e499":18.90482460493513,"0xad1a74a31b00ed0403bb7d8b11130e30ae15853c":2.5206432806580175,"0x82f1f44004f7db282e91ea55a6c7bbb429d5fe0f":1.2603216403290087,"0x2c9bdd583e515eb958cb60ffe663b3acf16412d5":2.9366060425726186,"0x521866351b73eae5acb8962469526b38cbe47372":1.3167930246462958,"0xb8ac6ef01a6191c8689ad756b4a41dcad7021390":0.3574404775028201,"0x35e6fd7c7e3d1c72a29fcdb5fcabc654f81c4f6c":322.6283884949684,"0x3ec783b1c10d39f1653c20c821e0ed810eaf6a2e":62.4345495657462,"0x66d1f600b54b9c2576ba45cfd2090ac8e941db2e":0.2126535936565687,"0xf7bde593ab9d0f7c9409a44aeac1bbe39e893bed":79.90439199685915,"0x1f5573a96fa6a0be1d0dd6ee8e353d685d63432d":4.149873661259418,"0x4f5ef03e870332a1b42453bbf57b8a041e89efe8":189.13109959398653,"0xc5afc3a0f462c5a387393421b6a253204a3be8d2":1.575402050411261,"0x37a7ca65608d2f2e1e2fd8da662ff9b160ab5e94":1.707000943043176,"0x64d36312b1b3da36dccf35c98dd97d598b5fa499":4.4385461914200945,"0x1279ebfab0d7a28d25e28b8c3739ef329b0d25b2":3.774811492338176,"0x3794a52e13e24fdd9ec69d2358c09960db685919":0.24905516904964306,"0xe456ff3e321be2675a5aeb56b3623586254c3419":5.651692677195329,"0xd5c0feb746f35ab2bbb58d7d8e3add8d9ba1d423":8.00187710075598,"0xe2b52fc1ad49b93f85c45315ecbad740f17b0e8e":0.43331575834766606,"0xecaa8606d801d9828aa40d42b8fe9d2321a6e8f9":134.9219868524172}}