{"details":{"chainId":"250","total":2854.437307036887,"startBlock":"35693649","endBlock":"36266316","includedVaults":{"250":["0x571F42886C31f9b769ad243e81D06D0D144BE7B4"]}},"values":{"0xdd03f927926c9ae1d06b0760535ff10576ce87e3":2.042978462878357,"0x2f0d360d090e6cbdb0116b26a492399c226741cd":18.248107823290205,"0x64e4748ac493c5c157f2caa6952c37d86980bb23":68.36411788162516,"0x20665e0b5fb3e81abefa4d2ab515bdf0e6fa6700":370.88036639602717,"0x256843ddd1345bbf2943ab33b11ccf68d80f769e":1745.319371275422,"0x5d98609f4a43ed4d36dae38a58365b352109c7a6":0.04994605802814903,"0x6e868846b2182235c16fd122fcd44739e55a58e4":96.13489465073356,"0xd494033aecb97d4ff84b7fb2be33e76fed69f66a":542.6289734336314,"0x1693451e031bd8203f52e0680c487b0b69e2ae8e":4.401650529042252,"0x81a5f3c04f2a7558b0f7fe7bd0c9f40a52aafead":6.366900526208907}}