{"details":{"chainId":"1088","rewardAddress":"0x3F56e0c36d275367b8C502090EDF38289b3dEa0d","total":35771.36258660507,"startBlock":3619587,"endBlock":3658165,"includedVaults":{"10":["0xF9CE2522027bD40D3b1aEe4abe969831FE3BeAf5","0x062016cd29fabb26c52bab646878987fc9b0bc55","0xbf1aea8670d2528e08334083616dd9c5f3b087ae","0xb9c8f0d3254007ee4b98970b94544e473cd610ec"],"137":["0x7dda5e1a389e0c1892caf55940f5fce6588a9ae0","0x305f113ff78255d4f8524c8f50c7300b91b10f6a","0x11826d20b6a16a22450978642404da95b4640123","0x37131aEDd3da288467B6EBe9A77C523A700E6Ca1","0x1F0aa72b980d65518e88841bA1dA075BD43fa933","0x578375c3af7d61586c2C3A7BA87d2eEd640EFA40","0xff2c44Fb819757225a176e825255a01B3B8BB051","0x11A33631a5B5349AF3F165d2B7901A4d67e561ad","0xF086dEdf6a89e7B16145b03a6CB0C0a9979F1433","0x61167073E31b1DAd85a3E531211c7B8F1E5cAE72","0x701A1824e5574B0b6b1c8dA808B184a7AB7A2867","0x3fd939B017b31eaADF9ae50C7fF7Fa5c0661d47C"],"1088":["0xc09c73f7b32573d178138e76c0e286ba21085c20","0xb89c1b3d9f335b9d8bb16016f3d60160ae71041f","0x10dcbee8afa39a847707e16aea5eb34c6b01aba9","0x10dcbee8afa39a847707e16aea5eb34c6b01aba9"]}},"values":{"0x4bb17f45b9a00451383166782c9cd6075ad5eeb3":24.92368284448773,"0x23e817b3982ba0e033dab4fa1b47088418ad6b2a":80.80634021961421,"0xcdcdefcf200b66718403ccad3295a0ae6553d907":105.06316889574707,"0xa9cc27c0789f4829d91810bde3e72f1799b94a7d":7.377097381790755,"0x7fe4d3f9a56444a7a779d691b1c1c2421c0c9aab":72.18227131832217,"0x598a69c02d6c71a4ba9180f38e463e25d24083b1":21.012633779149414,"0xd63da94c6a7e8d15f8eed6d008815fd9e978cc1f":23.652368514481328,"0x24a30823bd87e785b0c4b3803a2bffd91eb6876f":32.6863192120102,"0xe0eae533863f6818342fa589f7b466fc3bcbbb74":875.5264074645589,"0x2c48a579668f76dbf59c20b9273da9083be65f52":1.4141899022666884,"0xc399cb4679a5f59a6a4f00473437d0273dd5d7b4":195.62713667462535,"0xd3f85ade70adf48ed17c8cb182b8b1aff542e51f":217.02107510983052,"0x5d6c710647b47d257f1974d4f0666e65d2c0728a":288.3562211727677,"0x092e7471a55c416f12d3340c6cce1a4bcc373089":300.0983412434392,"0x9194ff990c890b33dcd62426f8c84fe2b3178f2c":353.74546858484,"0x09fa38eba245bb68354b8950fa2fe71f02863393":86.84503307961566,"0x7c818d46acef870ea88137bf553594f4803872ca":58.36842716430393,"0x5d98609f4a43ed4d36dae38a58365b352109c7a6":26.265792223936767,"0x1ba3d0aab50d10675f72d0704daa3e3c0d4eb86b":26.265792223936767,"0x80b3153f39aeec1ef68adc038913698e103e6e1d":23.71511323945494,"0xe5ae5aac9a19ec43abdd161e95640a1cc12ae348":183.89949702548012,"0x152ce5033cd865edc7bcec99333706c6cae13220":2.2115376763737267,"0x00bd3bda43483af368de8b7ec6568437c7bb319f":3.064761393471333,"0x73bb129019992794002af6f53a86d671a4887901":1544.9647024845506,"0x5992134a6a35208b06ed9ed4c1c27eceb1c338fa":132.65811759043376,"0x5d4a5a059c10cb3161fc8637090603091689f44b":63.98033912510356,"0x21c8dc59f2e9a11c4c1a0c310641968132c6b1be":1270.720279757497,"0xf3386f459c962d81c1c5a78befe9f92ff8e15e0e":87.72617575005499,"0x3b31d3dec0dbbffa9fd10b6ddd313a54eb479a35":216.2297771110348,"0x9cfb077e441b17d7126e2bba4203e0d263e27d24":6.814091522047124,"0x4f13fb0dd3d43a4511c1c6ef49569287ee968ae5":4.35821999647104,"0x186b12ceaf08fde22e32647fcc800e45876f5bd0":4.669474173144314,"0x8fdd0cf22012a5fecdbf77ef30d9e9834dc1bf0a":6.850667001551908,"0x48cf1cba8cd942818aab23f1af48470020138891":2291.6898999610503,"0xe32650e748e7e4aba16181d9882d15ba328d5a78":51.79407880193966,"0xea22e820a89ba3e188f91966f6841b9902d964c7":156.51346187006052,"0x9f6d8d7c57e989fedf1d50d9cf66c91def446405":2.1262579175680134,"0xe6a0d1bbdd7ed02ff15adb30314edbca6b1f8be0":65.44139346446491,"0x81f45b90e54589b9251abd2a65c8c55f1e83d0cb":65.63529710990451,"0x27e1f718e0bbc1717c77e7d90fd3a1bc95bb891f":1704.8872366275705,"0x28a48d16d5e8d79f6de73f2c1b3b9e423f95b9f5":20.370591523742366,"0x83cf51a12258848540e862d1ab8b2fe05518f716":13.201508793984704,"0x0a66a105ea8a4fc5a0475b37cd4be050621b95d4":100.43605929704582,"0xb7d4cc582bf137166e1499960754d32558e18440":20.318319592205448,"0xd1275eb5d5ea553bb52f00cf8025f07b50a66329":11.688375851290937,"0x3b0f16957286c532b1b7af9de3e68383acbfbbe6":0.9338948346288628,"0xfab500061e63e30babdeb3ffad296d761a52d7b8":0.21162266122339565,"0x6f3a8f9fd0da6b3ea4860ad7df347a06f1c65bdb":21.20856897443052,"0x616fa7037c11bd5e05f8b0d6ef281c9ca8ab7498":19.05283248831541,"0xfaa41900848b7f68f4859676432811e6fc46a15c":23.347370865721572,"0x4df37cc3c48ec3eb689c8bf0d91249ce2506f73b":33.038866357919765,"0x3b82b31bbe0dc3fe0f13d17f9a4d0455ef562e06":91.24950444490202,"0xca20a8f778a92b8ba0260410607dc1fd1edd7dcb":0.18677896692577253,"0x87fc1313880d579039ac48db8b25428ed5f33c4a":1.6598076665998707,"0x32d910cfc8b6e472154cb14ead6ad6d92c1e2ed5":0.8582931459062841,"0x368955efb1bf001683cb5f7ab223380caf0b86e5":9.338948346288628,"0xaf4c6c334aa5af433fe8da5ad2de32b77f554a91":103.00810448247483,"0x0b535fc12b5642e0f9d3deb319ab0641625de5e6":18.881635207248447,"0x5275817b74021e97c980e95ede6bbac0d0d6f3a2":113.02966601783693,"0xc61ee6799b7d4fe58ab9cb332f330309c7fa0c56":591.3317529213756,"0x44aac8a5450461b39eabfa1ca0758ff73498d7f9":1463.646201809711,"0x48a1514b1464565af5474d8449309f9de00a3984":61.42693274771345,"0x3d045f52223a9595fb18377b6ca7ac8e220ab35a":127.87356832663933,"0x3e38ef489af0e780fb1a18db36b47efcb6a859b5":24.393577500919623,"0xc5b67fa1a911af92d71ffe222fbc5ab4d0dacb42":183.45271999968085,"0x3a542300159d084382e228ec8f54a402451e5a67":8.258386259346697,"0x5751a4548842e307d221c1d53e11971c8d643e1a":3.059207988073328,"0x3982f7e1051ce72a4f8088d28580f41e242333c5":46.86711613782607,"0xb2d7c3aec073443011a42a25f8577920890b37cc":51.970377837664465,"0x3c61a6857adb1f4ba6a0155b990bf7a7fa530390":2.537533784979949,"0x98771bba24d57af722b4b43f55e002df4f7d29b2":12.970172782317613,"0xcba1a275e2d858ecffaf7a87f606f74b719a8a93":150.89576449017488,"0x8a8606817b360f6c26246a8b1f081a5050174cd5":31.58384458575323,"0xe456ff3e321be2675a5aeb56b3623586254c3419":2.9495223574575884,"0xa77208ebcab6a884b2617731ce2888c6abf72dda":4.492744956996004,"0x1ab2ff848031bffbca39fad061551b3cf82d9575":4.343977204908974,"0x66d1f600b54b9c2576ba45cfd2090ac8e941db2e":0.2033207630043107,"0x53a385d47d3a011539ec377f53acb410f53ff97d":0.126023589029782,"0xfbf2a4db9aef5757f3a758859a9132af55754fa3":21.026267504349498,"0x46919f4016befb3c9a01e72a1cfc395695276a01":18.757883258500133,"0x5c0642fe68fc72cf03f676b28faf5cf97cc0b265":44.553090099656316,"0xa44247b333faf99c03c863bd713f034bd73f92a2":76.21045027024559,"0xc40ebdc95e9fae4ada1a2c5093d0599afe0256bd":5.856790055955111,"0x8cc553fd466fd2c163bcda9a24d354f63318d20d":0.355710968023458,"0x50cd4175e0bb2cc85c225911096dbdd01dd14926":4.046140143209264,"0xd1aed85ffb991bcb22e8a5893d02582406e069e2":18737.97625524447,"0xace16bc9ff7434aa075b54416fc291dc9abf5195":9.823728147378102,"0xa22fae0feab7ea11337391d02d4ee41ff459581d":281.2082382789472,"0x158cbe24e0c054c5d06c5984763177ccd27839a8":1227.3310079294818,"0xf6bc7cc74de5dcb76f20440a51ea0fff1b037645":0.027144929437616584,"0x32524b1df07d622d38319d81ea1c4f4a29187437":42.80745474059139,"0xe72994419480d9a0b3ab38e53ef7d7c28c48193d":29.916530787558365,"0x19241812c6434bb55d7828b81268070dbbf9f70b":1.217848819651457,"0xd6fd705ee0b31a9300d3e2154bcce777270cbb6f":243.59037877529198,"0x367947a84d47f9722f043042bb6b0e7b3369ecea":0.8988666628861305,"0xff4f7b726ee86f810531d2842b3bdd8a512db594":0.8592866926921875,"0xd956d35c348daa334245402a31fde52120b1dcff":1.2693192326302132,"0xc724b0047de0fa1259c043e7203abb243e2c8fc4":0.17977333257722608,"0xa7871c77cfdca9bc4477666c5663ba1217031344":0.2568190465388944,"0x664fe0585ee5df5d0d18f481fcd197c6d00ab25c":10.342771749363466,"0x37d2d38283b21b97deda8e7f31bbecc672822d86":0.2632395227023668,"0x98940c00e5165cd6421b50b1c9e5f7c594bd9797":1.5348118913682773,"0xc9c026d92314aaa032cf493db1058b143dbf9aff":0.6450763359242628,"0xd84f7d807e085fd12abe9e874695db94d989caa5":25.681904653889443,"0xf72cd97a579fb4b06588812ad3bf3f9c739f02a3":0.40732906964604937,"0x1e121993b4a8bc79d18a4c409db84c100fff25f5":43.749848834770965,"0x24ec3be409cd0c4ef4f79a1bc08efc205484031a":1.7882526867914266,"0x954c8952cfb768617141a2cbeb2b23faaf7b89cf":1.284101566849129,