{"details":{"chainId":"1088","rewardAddress":"0x3F56e0c36d275367b8C502090EDF38289b3dEa0d","total":27728.72436440383,"startBlock":4105446,"endBlock":4137931,"includedVaults":{"1":{"0x559b7bfC48a5274754b08819F75C5F27aF53D53b":{"0x98eb27E5F24FB83b7D129D789665b08C258b4cCF":{},"0x8C45969aD19D297c9B85763e90D0344C6E2ac9d1":{},"0x60d133c666919B54a3254E0d3F14332cB783B733":{},"0xEcbd32bD581e241739be1763DFE7a8fFcC844ae1":{}}},"10":{"0x3F56e0c36d275367b8C502090EDF38289b3dEa0d":{"0xF9CE2522027bD40D3b1aEe4abe969831FE3BeAf5":{},"0x062016Cd29Fabb26c52BAB646878987fC9B0Bc55":{},"0xbf1aeA8670D2528E08334083616dD9C5F3B087aE":{},"0xB9C8F0d3254007eE4b98970b94544e473Cd610EC":{},"0xAB91c51b55F7Dd7B34F2FD7217506fD5b632B2B9":{}}},"137":{"0x580A84C73811E1839F75d86d75d88cCa0c241fF4":{"0x11A33631a5B5349AF3F165d2B7901A4d67e561ad":{},"0x37131aEDd3da288467B6EBe9A77C523A700E6Ca1":{},"0x87ee36f780ae843A78D5735867bc1c13792b7b11":{},"0x305f113ff78255d4F8524c8F50C7300B91B10f6A":{},"0x11826d20B6A16A22450978642404dA95B4640123":{},"0x3fd939B017b31eaADF9ae50C7fF7Fa5c0661d47C":{},"0xF086dEdf6a89e7B16145b03a6CB0C0a9979F1433":{},"0x88d84a85A87ED12B8f098e8953B322fF789fCD1a":{},"0x1F0aa72b980d65518e88841bA1dA075BD43fa933":{}}},"1088":{"0x3F56e0c36d275367b8C502090EDF38289b3dEa0d":{"0xC09c73F7B32573d178138E76C0e286BA21085c20":{},"0x10DcBEe8afA39a847707e16Aea5eb34c6b01aBA9":{},"0x5A03716bd1f338D7849f5c9581AD5015ce0020B0":{}},"0xDeadDeAddeAddEAddeadDEaDDEAdDeaDDeAD0000":{"0xC09c73F7B32573d178138E76C0e286BA21085c20":{},"0x10DcBEe8afA39a847707e16Aea5eb34c6b01aBA9":{}}}}},"values":{"0x3982f7e1051ce72a4f8088d28580f41e242333c5":49.593965062956336,"0x7fe4d3f9a56444a7a779d691b1c1c2421c0c9aab":50.75699794152524,"0x598a69c02d6c71a4ba9180f38e463e25d24083b1":12.736530744918324,"0xe0eae533863f6818342fa589f7b466fc3bcbbb74":95.76991146401889,"0x2c48a579668f76dbf59c20b9273da9083be65f52":1.2747934048606628,"0xc399cb4679a5f59a6a4f00473437d0273dd5d7b4":272.85725066930826,"0xd3f85ade70adf48ed17c8cb182b8b1aff542e51f":208.03220131909075,"0x5d6c710647b47d257f1974d4f0666e65d2c0728a":30.886887775306967,"0x092e7471a55c416f12d3340c6cce1a4bcc373089":195.95869734004455,"0x09fa38eba245bb68354b8950fa2fe71f02863393":29.71857173814276,"0x5d98609f4a43ed4d36dae38a58365b352109c7a6":23.880995146721858,"0xe5ae5aac9a19ec43abdd161e95640a1cc12ae348":81.46012029426949,"0x152ce5033cd865edc7bcec99333706c6cae13220":2.060647325145544,"0x73bb129019992794002af6f53a86d671a4887901":37.774231935898726,"0xb2d7c3aec073443011a42a25f8577920890b37cc":54.38126696136396,"0xcba1a275e2d858ecffaf7a87f606f74b719a8a93":1238.5416370659727,"0x3a542300159d084382e228ec8f54a402451e5a67":57.706258140835004,"0x9cfb077e441b17d7126e2bba4203e0d263e27d24":9.294996225167106,"0x4f13fb0dd3d43a4511c1c6ef49569287ee968ae5":4.6552467416731815,"0x98771bba24d57af722b4b43f55e002df4f7d29b2":108.42051766165332,"0x9f6d8d7c57e989fedf1d50d9cf66c91def446405":14.36534452840795,"0x81f45b90e54589b9251abd2a65c8c55f1e83d0cb":44.162810990540464,"0x0a66a105ea8a4fc5a0475b37cd4be050621b95d4":88.72909287709089,"0xb7d4cc582bf137166e1499960754d32558e18440":75.42448218385536,"0x6f3a8f9fd0da6b3ea4860ad7df347a06f1c65bdb":18.569694717169345,"0x616fa7037c11bd5e05f8b0d6ef281c9ca8ab7498":15.920663431147906,"0x3d045f52223a9595fb18377b6ca7ac8e220ab35a":108.83383100809044,"0x3c61a6857adb1f4ba6a0155b990bf7a7fa530390":4.809244974258244,"0xe456ff3e321be2675a5aeb56b3623586254c3419":7.5269598606898995,"0xa77208ebcab6a884b2617731ce2888c6abf72dda":7.960331715573953,"0xfbf2a4db9aef5757f3a758859a9132af55754fa3":64.28474969188329,"0xc40ebdc95e9fae4ada1a2c5093d0599afe0256bd":74.40256710156454,"0x8cc553fd466fd2c163bcda9a24d354f63318d20d":3.1770783740081816,"0xd670a99b9ad6b9fe256294f51cfe5f38e51d54aa":31.841326862295812,"0x598c5e19a132a5c433a80c908f05d87bfdaac4ae":931.7358469668428,"0x868d9a5ee67ec78fe793f5a9ca045b89a7330452":57.6150815389179,"0x38bca3a2678632b0a52c381010ca0b39ef202723":14.043006711214586,"0x37069f8c6125a3ff9e81e277839db84f4463b254":1.9417857505476008,"0xf5b6d7f8a390c6af686903ac6c9793ddec73c895":1.7360424184202068,"0xc5ebbc325f9c5520f703c5d6ca36361d4bea5ab8":2.8980417545126334,"0x16643680f8423948c469b2ea02a1544337535532":8.409033315768935,"0x8daf5d971c5394db1c6aeaf05e5e339b1c61b64b":1.2876941031098417,"0x8aec81d55d5a676f7884f8d2d2d80a64373b1c10":5.801679427797472,"0x5227085573fdf8ea8654997dec553836a50d3ef0":3.446000140996473,"0x131175cb0b6bd3fed188bf30bf590f31f4386533":1.5374285351176158,"0xc7ac35c412cb902f1c90d1498d04758f3d23d8a0":4.2455102483061085,"0x5929cc4d10b6a1acc5bf5d221889f10251c628a1":15.356892703132601,"0x2b92e7f978871abbffceb49bc0570253bc2d7e86":6.368265372459162,"0x20665e0b5fb3e81abefa4d2ab515bdf0e6fa6700":53.490315320192856,"0x5e7765d3585058c7ad2bd69008cc551fbcd0ec20":17.831143042885653,"0xc255bfb9f6d8bf563b3c6ccaa784c530569619e6":7.539431001338458,"0x44aac8a5450461b39eabfa1ca0758ff73498d7f9":1171.4883888725383,"0xf278cd2ba9908b329095998cadb684797b13065e":0.055599572583588414,"0x5751a4548842e307d221c1d53e11971c8d643e1a":0.6618710411548931,"0x792404bde2640e8b861122a90f4058909d82de1e":0.49169789175302175,"0x39c4ff8cc8139d9aeb4ce73afa167284c5184e26":0.036875594824603695,"0xcd9782e02d725dc66a7056ac7b49c0e84a49f333":0.00569920064054154,"0xd47b8e97830aeb8759b6c80f1375cbc534ea2bc4":0.004886330758400911,"0x32524b1df07d622d38319d81ea1c4f4a29187437":123.53844545797031,"0xe72994419480d9a0b3ab38e53ef7d7c28c48193d":311.3746172605159,"0x19241812c6434bb55d7828b81268070dbbf9f70b":12.338579797301994,"0xd6fd705ee0b31a9300d3e2154bcce777270cbb6f":110.19955926755578,"0x48cf1cba8cd942818aab23f1af48470020138891":2903.057522001445,"0xa2e05af8d9271bb0acec0909de1173005cbb05cb":2.0322579603402375,"0x93beca36d5bcdc7be0f9ca38b1b5f5f5292aa859":141.96782431666153,"0x367947a84d47f9722f043042bb6b0e7b3369ecea":11.092496512159746,"0xd956d35c348daa334245402a31fde52120b1dcff":3.218369920802007,"0x4ffcb4a325dc359b39215c694bbfbfaf6485097b":14.346187542279589,"0x664fe0585ee5df5d0d18f481fcd197c6d00ab25c":72.52445886751491,"0x98940c00e5165cd6421b50b1c9e5f7c594bd9797":11.26542478521649,"0xc9c026d92314aaa032cf493db1058b143dbf9aff":3.039497166761874,"0xd84f7d807e085fd12abe9e874695db94d989caa5":111.4582342287682,"0x24ec3be409cd0c4ef4f79a1bc08efc205484031a":2.6056832828660377,"0xc45d05cdc809d20c7b14959e8cd4a1199e3e966f":10.095721938680128,"0x954c8952cfb768617141a2cbeb2b23faaf7b89cf":4.114366294476223,"0x3b82b31bbe0dc3fe0f13d17f9a4d0455ef562e06":140.24575760516487,"0x5e15ac21b44288b59a963a8c6730f553e200477a":4.033635095330817,"0xe8cc747b7feeb7cf32522d8b116ea54930208e2d":2.3393678267762694,"0xa618f8841e70b0543a921768ea5b229ecd9a4ba8":10.084087738327042,"0x988e886b14a58dffa124230a489ad83f64008854":719.7172644415185,"0xe32650e748e7e4aba16181d9882d15ba328d5a78":37.37962221514496,"0x9d458d056ceedca9c7b7d71a093cad9e54f1d14d":10.123429688514477,"0x183b6267cb9f985a8aa7fc912672a21d644a4102":203.47721900739305,"0xd473781816837c7cd2fadc34e66f09786d2e2694":2.0168175476654087,"0x158cbe24e0c054c5d06c5984763177ccd27839a8":44.06798504416039,"0x29043e78830f5934195c9927870b9bde9b9aadac":2.7095874092590333,"0xe259bc0b82c40791b5c0b882bc1e25a477e1f5fb":2.7866141404484455,"0x986fcc6b0d290308ad6f6a0e8471f74f53dec06a":6.401175096306226,"0xaa9d5cdadec5b530fa6d9cbb5905e38742629134":3.6084983787850553,"0x9b3780d3e439650a16c78cba5f9b82b483eeaa81":50.42043869163521,"0x87fc1313880d579039ac48db8b25428ed5f33c4a":72.63553238326539,"0x3dd1b656fcc459cc4cf203b53aaabf8c85181f1d":3.919616794996269,"0xe0ba6c4c82376c76386d1ca2ae2516ab18882e3c":25.815472234602087,"0x3c7e870ce51a3429a3d2dfc4454282a8676f2029":241.424386601985,"0x97c1e7465f0d7424ffda9f4dfeb6532f983f8a5c":15.993363152986689,"0x2b5a0be5940b63de1eddccca7bd977357e2488ed":2.4356741194823948,"0x02d7f554e465e34f7d84610c4a258c22529ff610":5.64453762611272,"0x6d91286c1228313828d8284f117cc4fa6c04535e":100.84087738327042,"0x001ac3f0972b620cd6be82ba54d111614d7d48fb":16.263546115759684,"0x68db64a8cc0aea50b479bdd5bc3b3dd5e5821ed4":3.0594721609975895,"0x1f1108c1a8ac0feb8050c13e22b2692a5d0d3043":4.840362114396981,