{"details":{"chainId":"1088","rewardAddress":"0xDeadDeAddeAddEAddeadDEaDDEAdDeaDDeAD0000","total":187.49999999999923,"startBlock":4105446,"endBlock":4137931,"includedVaults":{"1":{"0x559b7bfC48a5274754b08819F75C5F27aF53D53b":{"0x98eb27E5F24FB83b7D129D789665b08C258b4cCF":{},"0x8C45969aD19D297c9B85763e90D0344C6E2ac9d1":{},"0x60d133c666919B54a3254E0d3F14332cB783B733":{},"0xEcbd32bD581e241739be1763DFE7a8fFcC844ae1":{}}},"10":{"0x3F56e0c36d275367b8C502090EDF38289b3dEa0d":{"0xF9CE2522027bD40D3b1aEe4abe969831FE3BeAf5":{},"0x062016Cd29Fabb26c52BAB646878987fC9B0Bc55":{},"0xbf1aeA8670D2528E08334083616dD9C5F3B087aE":{},"0xB9C8F0d3254007eE4b98970b94544e473Cd610EC":{},"0xAB91c51b55F7Dd7B34F2FD7217506fD5b632B2B9":{}}},"137":{"0x580A84C73811E1839F75d86d75d88cCa0c241fF4":{"0x11A33631a5B5349AF3F165d2B7901A4d67e561ad":{},"0x37131aEDd3da288467B6EBe9A77C523A700E6Ca1":{},"0x87ee36f780ae843A78D5735867bc1c13792b7b11":{},"0x305f113ff78255d4F8524c8F50C7300B91B10f6A":{},"0x11826d20B6A16A22450978642404dA95B4640123":{},"0x3fd939B017b31eaADF9ae50C7fF7Fa5c0661d47C":{},"0xF086dEdf6a89e7B16145b03a6CB0C0a9979F1433":{},"0x88d84a85A87ED12B8f098e8953B322fF789fCD1a":{},"0x1F0aa72b980d65518e88841bA1dA075BD43fa933":{}}},"1088":{"0x3F56e0c36d275367b8C502090EDF38289b3dEa0d":{"0xC09c73F7B32573d178138E76C0e286BA21085c20":{},"0x10DcBEe8afA39a847707e16Aea5eb34c6b01aBA9":{},"0x5A03716bd1f338D7849f5c9581AD5015ce0020B0":{}},"0xDeadDeAddeAddEAddeadDEaDDEAdDeaDDeAD0000":{"0xC09c73F7B32573d178138E76C0e286BA21085c20":{},"0x10DcBEe8afA39a847707e16Aea5eb34c6b01aBA9":{}}}}},"values":{"0x3982f7e1051ce72a4f8088d28580f41e242333c5":1.4281347042211945,"0x7fe4d3f9a56444a7a779d691b1c1c2421c0c9aab":1.3203439591796076,"0x598a69c02d6c71a4ba9180f38e463e25d24083b1":0.36676804415835096,"0xe0eae533863f6818342fa589f7b466fc3bcbbb74":2.7578422900514803,"0x2c48a579668f76dbf59c20b9273da9083be65f52":0.03670964198734075,"0xc399cb4679a5f59a6a4f00473437d0273dd5d7b4":7.831440747472769,"0xd3f85ade70adf48ed17c8cb182b8b1aff542e51f":5.9906080492289115,"0x5d6c710647b47d257f1974d4f0666e65d2c0728a":0.739715966399163,"0x092e7471a55c416f12d3340c6cce1a4bcc373089":5.642932883265872,"0x09fa38eba245bb68354b8950fa2fe71f02863393":0.8557921030361522,"0x5d98609f4a43ed4d36dae38a58365b352109c7a6":0.687690082796908,"0xe5ae5aac9a19ec43abdd161e95640a1cc12ae348":2.345769785791445,"0x152ce5033cd865edc7bcec99333706c6cae13220":0.059339517509139045,"0x73bb129019992794002af6f53a86d671a4887901":1.0877672612882574,"0xb2d7c3aec073443011a42a25f8577920890b37cc":1.1842074685368078,"0xcba1a275e2d858ecffaf7a87f606f74b719a8a93":16.481790200005463,"0x3a542300159d084382e228ec8f54a402451e5a67":0.9221139867453986,"0x9cfb077e441b17d7126e2bba4203e0d263e27d24":0.17194567183160697,"0x4f13fb0dd3d43a4511c1c6ef49569287ee968ae5":0.13405500891200162,"0x98771bba24d57af722b4b43f55e002df4f7d29b2":1.390880922746386,"0x9f6d8d7c57e989fedf1d50d9cf66c91def446405":0.26063300612732804,"0x81f45b90e54589b9251abd2a65c8c55f1e83d0cb":1.2717362471721745,"0x0a66a105ea8a4fc5a0475b37cd4be050621b95d4":1.6156300448427228,"0xb7d4cc582bf137166e1499960754d32558e18440":1.1251809287239045,"0x6f3a8f9fd0da6b3ea4860ad7df347a06f1c65bdb":0.5347429962237756,"0x616fa7037c11bd5e05f8b0d6ef281c9ca8ab7498":0.4584600551979387,"0x3d045f52223a9595fb18377b6ca7ac8e220ab35a":3.1340379995568246,"0x3c61a6857adb1f4ba6a0155b990bf7a7fa530390":0.13848962550424765,"0xe456ff3e321be2675a5aeb56b3623586254c3419":0.216750416722788,"0xa77208ebcab6a884b2617731ce2888c6abf72dda":0.22923002759896932,"0xfbf2a4db9aef5757f3a758859a9132af55754fa3":1.1824302020273794,"0xc40ebdc95e9fae4ada1a2c5093d0599afe0256bd":2.1425366579583667,"0x8cc553fd466fd2c163bcda9a24d354f63318d20d":0.09148887124052138,"0xd670a99b9ad6b9fe256294f51cfe5f38e51d54aa":0.9169201103958774,"0x598c5e19a132a5c433a80c908f05d87bfdaac4ae":26.83077056918335,"0x868d9a5ee67ec78fe793f5a9ca045b89a7330452":1.6591151227333953,"0x38bca3a2678632b0a52c381010ca0b39ef202723":0.35907538981108295,"0x37069f8c6125a3ff9e81e277839db84f4463b254":0.055916715168850016,"0xf5b6d7f8a390c6af686903ac6c9793ddec73c895":0.04999201863772487,"0xc5ebbc325f9c5520f703c5d6ca36361d4bea5ab8":0.08345358147201257,"0x16643680f8423948c469b2ea02a1544337535532":0.16488070593610205,"0x8daf5d971c5394db1c6aeaf05e5e339b1c61b64b":0.03708113748795156,"0x8aec81d55d5a676f7884f8d2d2d80a64373b1c10":0.16706830605469283,"0x5227085573fdf8ea8654997dec553836a50d3ef0":0.09923288823268826,"0x131175cb0b6bd3fed188bf30bf590f31f4386533":0.044272625580031325,"0xc7ac35c412cb902f1c90d1498d04758f3d23d8a0":0.12225601471945031,"0x5929cc4d10b6a1acc5bf5d221889f10251c628a1":0.35516227211436274,"0x2b92e7f978871abbffceb49bc0570253bc2d7e86":0.18338402207917548,"0x20665e0b5fb3e81abefa4d2ab515bdf0e6fa6700":1.5403361185484592,"0x5e7765d3585058c7ad2bd69008cc551fbcd0ec20":0.5134752618216913,"0xc255bfb9f6d8bf563b3c6ccaa784c530569619e6":0.11670178095546603,"0x44aac8a5450461b39eabfa1ca0758ff73498d7f9":18.877230404943347,"0xf278cd2ba9908b329095998cadb684797b13065e":0.001601075434192245,"0x5751a4548842e307d221c1d53e11971c8d643e1a":0.01905959731980282,"0x792404bde2640e8b861122a90f4058909d82de1e":0.014159199054027549,"0x39c4ff8cc8139d9aeb4ce73afa167284c5184e26":0.001061889619855224,"0xcd9782e02d725dc66a7056ac7b49c0e84a49f333":0.000094737104210379,"0xd47b8e97830aeb8759b6c80f1375cbc534ea2bc4":0.000140709429534768,"0x32524b1df07d622d38319d81ea1c4f4a29187437":1.264743344928801,"0xe72994419480d9a0b3ab38e53ef7d7c28c48193d":3.187744296927955,"0x19241812c6434bb55d7828b81268070dbbf9f70b":0.12631805934307114,"0xd6fd705ee0b31a9300d3e2154bcce777270cbb6f":1.1281844990120538,"0x48cf1cba8cd942818aab23f1af48470020138891":29.72048634160583,"0xa2e05af8d9271bb0acec0909de1173005cbb05cb":0.02080554535869844,"0x93beca36d5bcdc7be0f9ca38b1b5f5f5292aa859":1.4534168722367933,"0x367947a84d47f9722f043042bb6b0e7b3369ecea":0.1135610950129117,"0xd956d35c348daa334245402a31fde52120b1dcff":0.032948544267041045,"0x4ffcb4a325dc359b39215c694bbfbfaf6485097b":0.14687124442869517,"0x664fe0585ee5df5d0d18f481fcd197c6d00ab25c":0.7424800138711334,"0x98940c00e5165cd6421b50b1c9e5f7c594bd9797":0.11533147411787588,"0xc9c026d92314aaa032cf493db1058b143dbf9aff":0.031117307647358056,"0xd84f7d807e085fd12abe9e874695db94d989caa5":1.1410703725125708,"0x24ec3be409cd0c4ef4f79a1bc08efc205484031a":0.026676073013386255,"0xc45d05cdc809d20c7b14959e8cd4a1199e3e966f":0.10335646597189395,"0x954c8952cfb768617141a2cbeb2b23faaf7b89cf":0.04212144138812663,"0x3b82b31bbe0dc3fe0f13d17f9a4d0455ef562e06":1.4357869562635523,"0x5e15ac21b44288b59a963a8c6730f553e200477a":0.041294943641058804,"0xe8cc747b7feeb7cf32522d8b116ea54930208e2d":0.02394962863008046,"0xa618f8841e70b0543a921768ea5b229ecd9a4ba8":0.103237359102647,"0x988e886b14a58dffa124230a489ad83f64008854":7.368213328720056,"0xe32650e748e7e4aba16181d9882d15ba328d5a78":0.38267948295206017,"0x9d458d056ceedca9c7b7d71a093cad9e54f1d14d":0.10364012821222761,"0x183b6267cb9f985a8aa7fc912672a21d644a4102":2.083128516229984,"0xd473781816837c7cd2fadc34e66f09786d2e2694":0.0206474718205294,"0x158cbe24e0c054c5d06c5984763177ccd27839a8":0.451152599520006,"0x29043e78830f5934195c9927870b9bde9b9aadac":0.027739807075111117,"0xe259bc0b82c40791b5c0b882bc1e25a477e1f5fb":0.028528379776445394,"0x986fcc6b0d290308ad6f6a0e8471f74f53dec06a":0.06553298912549137,"0xaa9d5cdadec5b530fa6d9cbb5905e38742629134":0.03694254280791845,"0x9b3780d3e439650a16c78cba5f9b82b483eeaa81":0.516186795513235,"0x87fc1313880d579039ac48db8b25428ed5f33c4a":0.7436171456305828,"0x3dd1b656fcc459cc4cf203b53aaabf8c85181f1d":0.040127664208218006,"0xe0ba6c4c82376c76386d1ca2ae2516ab18882e3c":0.2642897648895481,"0x3c7e870ce51a3429a3d2dfc4454282a8676f2029":2.471618330038481,"0x97c1e7465f0d7424ffda9f4dfeb6532f983f8a5c":0.16373445153679814,"0x2b5a0be5940b63de1eddccca7bd977357e2488ed":0.02493557873106563,"0x02d7f554e465e34f7d84610c4a258c22529ff610":0.05778679965869439,"0x6d91286c1228313828d8284f117cc4fa6c04535e":1.03237359102647,"0x001ac3f0972b620cd6be82ba54d111614d7d48fb":0.16650049009923537,