{"details":{"chainId":"10","rewardAddress":"0x3F56e0c36d275367b8C502090EDF38289b3dEa0d","total":64498.425464931155,"startBlock":22746673,"endBlock":23629265,"includedVaults":{"10":["0x062016cd29fabb26c52bab646878987fc9b0bc55","0xbf1aea8670d2528e08334083616dd9c5f3b087ae","0xb9c8f0d3254007ee4b98970b94544e473cd610ec","0xF9CE2522027bD40D3b1aEe4abe969831FE3BeAf5"],"137":["0x11A33631a5B5349AF3F165d2B7901A4d67e561ad","0x1F0aa72b980d65518e88841bA1dA075BD43fa933","0x7dda5e1a389e0c1892caf55940f5fce6588a9ae0","0x305f113ff78255d4f8524c8f50c7300b91b10f6a","0xF086dEdf6a89e7B16145b03a6CB0C0a9979F1433","0x61167073E31b1DAd85a3E531211c7B8F1E5cAE72","0xff2c44Fb819757225a176e825255a01B3B8BB051","0x37131aEDd3da288467B6EBe9A77C523A700E6Ca1","0x701A1824e5574B0b6b1c8dA808B184a7AB7A2867","0x578375c3af7d61586c2C3A7BA87d2eEd640EFA40","0x11826d20b6a16a22450978642404da95b4640123","0x3fd939B017b31eaADF9ae50C7fF7Fa5c0661d47C","0x88d84a85A87ED12B8f098e8953B322fF789fCD1a"],"1088":["0x10dcbee8afa39a847707e16aea5eb34c6b01aba9","0xc09c73f7b32573d178138e76c0e286ba21085c20","0x10dcbee8afa39a847707e16aea5eb34c6b01aba9","0xb89c1b3d9f335b9d8bb16016f3d60160ae71041f","0xc09c73f7b32573d178138e76c0e286ba21085c20"]}},"values":{"0x0f504b06bf14f9584baf9dcbb3caca645b136ba5":0.1443033407796393,"0x657d54c9ac70b83a6d746addf6c6ad43e470fa0a":1.6982249995498662,"0x39e1c6a9517eb4709b4db48f49c7d8321da1af5a":0.004122952593703951,"0x6251d7293e3c012437a6cc9fa913de1e98348ecc":0.0154610722263899,"0x373d41b30a9255e67934329539076c5a8354a2ab":0.02325697933870904,"0x73bb129019992794002af6f53a86d671a4887901":438.4798058386069,"0x81afcf6dd79897cba488471ecec2f41bf3f7ca9b":0.35045097046483836,"0x480c44abb0b8b4f1d3bbf7b8eb4eac47708a5ec3":8.499080507741889,"0x49d69cd071c75a9848085ff1352553b17c21ae91":0.5153690742129976,"0x9c22006fe75ad2a354e37931296969d2d9116760":0.003891307359894555,"0xdd876033288d1d4e26f7458c832e2da1c8519419":67.37668350993152,"0xf7c8a4a99ba34b4744d08999dd017b5faa4d3378":3.4932676666543805,"0xb888f9f40f6007c06681306bba976f5e25691e1b":27.00193083087588,"0x6872d36a512f5c823ddd1b0c455801453889ca90":6.596724149926369,"0x50a708e5dfe836601931af3ff6169e5f4e5536ea":0.054292012144841896,"0xc928499a080594c8854d1a46dcae5e862acc5d08":164.91810374815924,"0x1a69208eb1cf5576807e373fc01594cbcc3d022f":33251.16329730745,"0x4127143a866bf5d8ad2afb6de8e63164b8ad5bf6":1777.8832169897214,"0xeefd6537adbda7b1a9da3f6607dda26b048489c2":14.842629337334332,"0x3585c5691d442442685623f071e0fcc9f5ae1e8e":0.006627222231905656,"0x80b3153f39aeec1ef68adc038913698e103e6e1d":5902.5986963957985,"0x26e3ff43b7dc911a752f2e44378516ae575dd4c9":292.3785870637634,"0xb711f182d3e607096a4dc5960a7c09b1a9697d36":0.4100496025352801,"0xe456ff3e321be2675a5aeb56b3623586254c3419":31.334439712150253,"0x4a83b22d21ae473e89ec8337b1afe65fa6ae3e10":0.5111030527154526,"0xc0aef1759a279ced58223f34e0fe6426610b1bee":15.560951434866165,"0xd3f85ade70adf48ed17c8cb182b8b1aff542e51f":2000.7288263917108,"0x06d769d6fd47e8db4b35e0be76c345bd095a9f3e":40.28038485814891,"0x5d98609f4a43ed4d36dae38a58365b352109c7a6":162.092214048169,"0x53a385d47d3a011539ec377f53acb410f53ff97d":2.009641010275106,"0x84acb4278360ab4a09df2f963a14724f51098518":263.0809016868409,"0x49f5b5827f834a8a5aa8abbf7d4b63cafa25245b":20.75819835935243,"0xf26db9a22887f758d0d6d425b20429fb852209d2":0.49537721761773457,"0x72f8a4486fecae174da6d98c3c288587391b3fc3":41.855194937055316,"0x1af8af5ab89536bdec74f51676ae24fa7e70c21b":3.7378487185694826,"0xdceb0bb3311342e3ce9e49f57affce9deac40ba1":5.287526921698115,"0x205c465baf846518958199963900bb1b3c61e65d":1.6491810374815923,"0xb89dd038b8f64d81e1b848353ac9177ec1aeefc5":12.78115304048234,"0x7a6e41ea4edced41207660e6c0f16345cdd6150a":5.60955784054927,"0xbf3450be50a88ecfced28b3ef1f61976ce41115d":87.63480001299303,"0x1ae4f1a178abfc6b7c90da19917676b82c698e4b":441.10970540578694,"0xb730ac6a34d9861cd57f053f1bf05f759973ded2":20.30535954672224,"0x9c57027b1eca93093a6f446422c59c85a5a3fa52":51.06535563513234,"0xb71fb919489092f5262cc39235f1bd18f728dd4b":0.03429918936072711,"0x6002ca2e11b8e8c0f1f09c67f551b209eb51a0e4":8.934163095853338,"0xaebe2c167392e4b0d3e150ca80204eb327db918b":164.91810374815924,"0xc4417ee91ec12a94cf8cbe5e8f19e7db84b8df4c":0.011544267262371117,"0x3351b913d9b37abbbfc057224aa38547f485cbed":12.269331252177164,"0x86c7e05b935ec835610531ae5c716e081fabc828":6.113416671125752,"0xc03876ddf9fbdc47ae66bc4c7a639f0d78d90904":30.922144452779857,"0x35287416764f1bdffe4d8db5c3f4d19a2b6053d4":3.2983620749631846,"0xcb13f964dece4c8314f1a6962f9d080dfaaa27cf":10.278777454045473,"0x7cc1a622fecead4a1c9939031a262858bbcab0ed":11.544267262371147,"0xac82362174a32fbbad61efcb0f02b9016b20c768":23.4220384895945,"0x7441cb7d4940ce9ecd8738a44afc7b94a089c207":74.2830211463513,"0x32c8e4d2cb2642a29bc06115336ac96bf0160485":13.550421494052332,"0xf7f34d077dd46124274db032f417712d514752e7":23.088534524742293,"0xe419221e9701ffada0c3236df4eaebb66882af47":0.17562499811361032,"0xeed444b34f69d5c57a9d5f2fadfd61941c8158db":45.97273437399257,"0x07286f7d012c47fc844bea638409a8c5a4d7ca8f":0.8905577602400598,"0xfd04d74f1a161d9b8313a3e6b8449f3b7e633e0a":20.131430766578713,"0xb7a0cf71a375fe7a2152ea36a700499dbd993867":16.01534838975869,"0xcddfb88b99597b4c21b45dd8ccfd44fe7cf27509":1.6028192369138723,"0x8f6f5ccad7a126c14a39d4b0251d06cea2b856a4":81.22216609596842,"0x35119741d2d3c40fcd456a93860f68c1754a4f56":41.22952593703981,"0x07557e561e7baa14bc8ac7040271aa1443d566e9":0.027085910755897752,"0x59107fabdc74f84ae0af77abdfa4779bac69cbf3":179.65227583134393,"0xd0214b7e8a7821a5cb07024bc00d64ece8cc1067":1425.0953684192361,"0x544a40955ba1c7e56e161a59e1319e3313c25251":1.2368857781111942,"0x21a0b6fd81ec697e326228df279f9add0d1b021a":24.911286537000308,"0x840647cb127112d0edb9e6c3ce8e0c083b99516a":46.584670064282534,"0xff81ac7c51125d49504b4997986a05e233fc4e6f":2.0614762968519904,"0xffabcee5cd4cebf47c529d9eed1111cbbb525b35":17.43617614927982,"0x51c93cfb6aff13ef8dfa6de3637d29fff5734189":14.842629337334332,"0xa016b59cea666f53da4da3c9f99b97da1e0b016b":7.613431477155592,"0x9ea53ef13c75f95679b7883a9342bb10f24c59bd":2.598405211799763,"0x664533ab902426993dc325bb2e4e49f33d1fb13d":84.5124682426212,"0xd494033aecb97d4ff84b7fb2be33e76fed69f66a":444.1047481562307,"0x6d6239f3e39fba103480a2926477330ae02c0e60":90.48052306666628,"0x14881e1e9f63179de6a1acb1beb03cf9aac406cc":6.892183403778384,"0x53d8edf6a54239eb785ec72213919fb6b6b73598":0.20065709176992563,"0x125ad150043f25a8c0a09c8b82ac2a26eaac1400":14.875367387107424,"0x3285f150e7e1a176752959f2e830a31c078c038e":147.6017028546025,"0xed3e3f6d75f0b0624e6772d7e6b36400e40980e1":140.18038818593536,"0x0c6fa8487aa1f89640c8c59f392503cd21a24c8e":3.3808211268372643,"0x018cab73a80baadd582fe1857d1447d8a46dc6f4":14.018038818593535,"0x93614117cc5655873967783b184c93cd7ad74bb3":12.112336054872365,"0x1ba3d0aab50d10675f72d0704daa3e3c0d4eb86b":1298.730067016754,"0xdc4471ee9dfca619ac5465fde7cf2634253a9dc6":27.439751808391854,"0x8fe02545e479aa8ba77d84e51b1d9ca17b88011a":1154.4267262371147,"0x720f01daab0b5e159387dff1cbfd4cbe5ce6238a":9.164678761111054,"0x8f25818ff64be1abee91abca70c306b33b602062":9.840590660832985,"0x5d47e5d242a8f66a6286b0a2353868875f5d6068":12.311803001697996,"0xf5659d33af64b5b987f048a4ba7cfca1c96f7f7a":37.93116386207662,"0xc7ede2d0d9d2a1a5779b94aaf33c5dd229144080":0.5533971151955013,"0xa4c63a2e8d0556ddb36c6544625284c663642387":13.832200506725654,"0xf08c2f12417d05e1e32c0ba2bb55a2bc72a2da41":111.65987622355694,"0x962fe14570ae5b81a35120de1585999a75d0b280":1.5902704130858263,"0xd211b9d5da830e29ca1ec9be1d1723b91fa81e3f":7.0244326968466915,"0x08888ce68d8de3d2616f96270f06b1b6fb3a18f6":818.9470764556123,"0x3d5d277f37c51d241bcfcbf43f576d10a85ca82a":0.001810839876579313,"0x019947394428cd14f11facfe2b22c9421315887d":79.5963030949506,"0x64f961eec2ba222dcba8fa354f03e27529b96f5b":2.873399945182572,"0x3888132606615fc0759853b6ec1107e717d0ae52":3.5594899582224664,"0x5243babb6aa86be0ce964d06be483a595294f82d":0.023113460376757496,"0x9d416c385faf17a6f134090438b27d848fff544c":1.4910910705222684,