{"details":{"chainId":"1088","rewardAddress":"0xDeadDeAddeAddEAddeadDEaDDEAdDeaDDeAD0000","total":810.3727714748787,"startBlock":3572857,"endBlock":3619587,"includedVaults":{"10":["0x062016cd29fabb26c52bab646878987fc9b0bc55","0xbf1aea8670d2528e08334083616dd9c5f3b087ae","0xb9c8f0d3254007ee4b98970b94544e473cd610ec","0xF9CE2522027bD40D3b1aEe4abe969831FE3BeAf5"],"137":["0x11A33631a5B5349AF3F165d2B7901A4d67e561ad","0x1F0aa72b980d65518e88841bA1dA075BD43fa933","0x7dda5e1a389e0c1892caf55940f5fce6588a9ae0","0x305f113ff78255d4f8524c8f50c7300b91b10f6a","0xF086dEdf6a89e7B16145b03a6CB0C0a9979F1433","0x61167073E31b1DAd85a3E531211c7B8F1E5cAE72","0xff2c44Fb819757225a176e825255a01B3B8BB051","0x37131aEDd3da288467B6EBe9A77C523A700E6Ca1","0x701A1824e5574B0b6b1c8dA808B184a7AB7A2867","0x578375c3af7d61586c2C3A7BA87d2eEd640EFA40","0x11826d20b6a16a22450978642404da95b4640123","0x3fd939B017b31eaADF9ae50C7fF7Fa5c0661d47C","0x88d84a85A87ED12B8f098e8953B322fF789fCD1a"],"1088":["0x10dcbee8afa39a847707e16aea5eb34c6b01aba9","0xc09c73f7b32573d178138e76c0e286ba21085c20","0x10dcbee8afa39a847707e16aea5eb34c6b01aba9","0xb89c1b3d9f335b9d8bb16016f3d60160ae71041f","0xc09c73f7b32573d178138e76c0e286ba21085c20"]}},"values":{"0xe5ae5aac9a19ec43abdd161e95640a1cc12ae348":8.31212200422245,"0xf6bc7cc74de5dcb76f20440a51ea0fff1b037645":0.19781032663249531,"0x32524b1df07d622d38319d81ea1c4f4a29187437":5.436246282514827,"0xe72994419480d9a0b3ab38e53ef7d7c28c48193d":11.303471563207857,"0x19241812c6434bb55d7828b81268070dbbf9f70b":0.1364769607845152,"0xb7d4cc582bf137166e1499960754d32558e18440":2.138165401107818,"0x98771bba24d57af722b4b43f55e002df4f7d29b2":1.4007252947678375,"0xd6fd705ee0b31a9300d3e2154bcce777270cbb6f":30.934268320744025,"0x48cf1cba8cd942818aab23f1af48470020138891":192.22578997193474,"0x7fe4d3f9a56444a7a779d691b1c1c2421c0c9aab":2.9852294856037567,"0x367947a84d47f9722f043042bb6b0e7b3369ecea":0.11414975695711566,"0xff4f7b726ee86f810531d2842b3bdd8a512db594":0.1091233785580084,"0xd956d35c348daa334245402a31fde52120b1dcff":0.16119463307327767,"0x3b31d3dec0dbbffa9fd10b6ddd313a54eb479a35":11.103463387779868,"0xc724b0047de0fa1259c043e7203abb243e2c8fc4":0.02282995139142313,"0xa7871c77cfdca9bc4477666c5663ba1217031344":0.032614216273461616,"0x664fe0585ee5df5d0d18f481fcd197c6d00ab25c":1.3134594152840715,"0x37d2d38283b21b97deda8e7f31bbecc672822d86":0.033429571680298156,"0x0a66a105ea8a4fc5a0475b37cd4be050621b95d4":5.027909163491084,"0xfbf2a4db9aef5757f3a758859a9132af55754fa3":1.0871406276453601,"0x98940c00e5165cd6421b50b1c9e5f7c594bd9797":0.1949103372151362,"0xc9c026d92314aaa032cf493db1058b143dbf9aff":0.08192016681106963,"0xd84f7d807e085fd12abe9e874695db94d989caa5":3.2614216273461616,"0xf72cd97a579fb4b06588812ad3bf3f9c739f02a3":0.08242900996524136,"0x1e121993b4a8bc79d18a4c409db84c100fff25f5":7.045995597109523,"0x24ec3be409cd0c4ef4f79a1bc08efc205484031a":0.9531123578388458,"0x954c8952cfb768617141a2cbeb2b23faaf7b89cf":0.16307188576048948,"0x44aac8a5450461b39eabfa1ca0758ff73498d7f9":88.75634215601859,"0x3b82b31bbe0dc3fe0f13d17f9a4d0455ef562e06":6.452529222134652,"0x0e06386cc164e743f2750753a7cb823afe5a11b9":0.0719140041056235,"0x23e817b3982ba0e033dab4fa1b47088418ad6b2a":4.509593360006408,"0xe8cc747b7feeb7cf32522d8b116ea54930208e2d":0.13480542726364136,"0x5d6c710647b47d257f1974d4f0666e65d2c0728a":1.257581775986515,"0xdca6143e849247df9d1a32264fe5108fe31ae878":0.005435702712243602,"0x93beca36d5bcdc7be0f9ca38b1b5f5f5292aa859":8.425339203977584,"0x4b04bb3b261dfbcdf044f0c5e32a7d57f647a1cb":0.10399861896450298,"0xa4591bdce93938e032e84f8cea1d4ceedf654d52":0.14879898337236694,"0x2c48a579668f76dbf59c20b9273da9083be65f52":0.11629128158025062,"0xa5be26bdce2a21f08979b04e6433b1193ea04bb7":0.06794628390304504,"0xa618f8841e70b0543a921768ea5b229ecd9a4ba8":0.5435702712243603,"0xc6fbaf5fb912eed59c56651f0130d9e11e92d5fe":0.27245327454128027,"0xdfc42b51d5dfd39a67c9e98444d5b7ad0314c775":0.6794628390304503,"0xa9cc27c0789f4829d91810bde3e72f1799b94a7d":0.31016288664216113,"0x8c213d6a206a9c1df3573d9dca364aa0f0752546":3.5703269025563786,"0xef330d6f0b4375c39d8ed3d0d690a5b69e9ecd0c":0.5509360831761307,"0x9cfb077e441b17d7126e2bba4203e0d263e27d24":0.41487886552316866,"0x988e886b14a58dffa124230a489ad83f64008854":27.551288339875917,"0x3c5a328a5b33265740a8c1412bd82364d3b220c6":0.21742810848974412,"0x4f13fb0dd3d43a4511c1c6ef49569287ee968ae5":0.18940883576983575,"0xfb083fdff8a086e55bdf4ccc5bc7a0bc765f4c5e":0.3478849735835906,"0x1552132ed939d420dd3141423d22009fd95a0aa3":5.979272983467963,"0xea22e820a89ba3e188f91966f6841b9902d964c7":6.535741684142527,"0x141bbbde978d42217ceb85d087a3b425343fa1eb":0.3115382128079977,"0x9f6d8d7c57e989fedf1d50d9cf66c91def446405":0.20820570795046675,"0xb2d7c3aec073443011a42a25f8577920890b37cc":0.23590949771137237,"0xe32650e748e7e4aba16181d9882d15ba328d5a78":4.743389463967849,"0x9d458d056ceedca9c7b7d71a093cad9e54f1d14d":0.2728454751832352,"0x183b6267cb9f985a8aa7fc912672a21d644a4102":5.363580412085591,"0xccf2255b22c01edb3f109366e052f3051155c4d0":0.01930638397686725,"0x9e1e1fc3bb6a678b7e59278b76e05bbc7e705ef5":0.04210984534147997,"0xf887f68f4fe09b71b02192bbec27faba313cf9b7":0.16545413636797057,"0xd473781816837c7cd2fadc34e66f09786d2e2694":0.03804991898570522,"0x0e6c677d8a38bf7133fa79d961d800171c26bb45":0.013589256780609007,"0xf8aea31756f48fc0149515320f5104875b9d5c96":0.006613332744482226,"0x158cbe24e0c054c5d06c5984763177ccd27839a8":1.8420314644972635,"0xff6146aad91a1a64000f7131624b02e764ecf1f8":0.022591745186574162,"0xdd21be69badb67067b9cea9227cc701551a545c6":0.28319839949779635,"0x4bb17f45b9a00451383166782c9cd6075ad5eeb3":1.8171163074453012,"0x7bd2b1c17638c44933ffd0d65734136a1b2ed67a":0.8153554068365404,"0x29043e78830f5934195c9927870b9bde9b9aadac":0.06728598142076081,"0x21c8dc59f2e9a11c4c1a0c310641968132c6b1be":76.7511482308725,"0xe259bc0b82c40791b5c0b882bc1e25a477e1f5fb":0.0751044935063453,"0x986fcc6b0d290308ad6f6a0e8471f74f53dec06a":0.2282995139142313,"0xc315155d817140250d238f140142a10b69fa1c4e":11.254175708243249,"0x16643680f8423948c469b2ea02a1544337535532":0.04959112331782334,"0xaa9d5cdadec5b530fa6d9cbb5905e38742629134":0.19451163985947892,"0x9b3780d3e439650a16c78cba5f9b82b483eeaa81":1.6307108136730808,"0x87fc1313880d579039ac48db8b25428ed5f33c4a":0.21888212316924854,"0x4df37cc3c48ec3eb689c8bf0d91249ce2506f73b":3.6940901745917905,"0xc399cb4679a5f59a6a4f00473437d0273dd5d7b4":8.420810279023598,"0xc6654898d96e97199a8d14e534fe92dd6b2674bd":0.08153554068365404,"0x3dd1b656fcc459cc4cf203b53aaabf8c85181f1d":0.1056410465496974,"0xe0ba6c4c82376c76386d1ca2ae2516ab18882e3c":0.8153554068365404,"0x3c7e870ce51a3429a3d2dfc4454282a8676f2029":5.756267035122564,"0x2e6f53f0fb64aac1cffed22e10d2d52de1dbca8a":0.016307108136730808,"0x56aa4fb42f77faa81b5ca0d2b3cab33f80899648":0.04535895347783536,"0xc9176e167e4ec7883b7e0a0446f265c0288b7983":21.743187694810942,"0x493a66eb68a597c0d73595c323bd0394a66d44c5":2.788754640475287,"0x97c1e7465f0d7424ffda9f4dfeb6532f983f8a5c":0.2734158464258532,"0x6d15eff7c4d740c4683a23abeb432f0a1b255a12":0.1102881495846184,"0x2b5a0be5940b63de1eddccca7bd977357e2488ed":0.026508940194218872,"0x02d7f554e465e34f7d84610c4a258c22529ff610":0.16307108136730808,"0xcdcdefcf200b66718403ccad3295a0ae6553d907":4.070166524987365,"0x598a69c02d6c71a4ba9180f38e463e25d24083b1":0.814033304997473,"0xd63da94c6a7e8d15f8eed6d008815fd9e978cc1f":0.9949295949969114,"0x24a30823bd87e785b0c4b3803a2bffd91eb6876f":1.266274029996069,"0xe0eae533863f6818342fa589f7b466fc3bcbbb74":33.91805437489471,"0xd3f85ade70adf48ed17c8cb182b8b1aff542e51f":10.12802473967513,"0x092e7471a55c416f12d3340c6cce1a4bcc373089":14.122189034946024,"0x9194ff990c890b33dcd62426f8c84fe2b3178f2c":15.417055420115908,"0x09fa38eba245bb68354b8950fa2fe71f02863393":3.5274776549890494,"0x7c818d46acef870ea88137bf553594f4803872ca":2.2612036249929806,"0x5d98609f4a43ed4d36dae38a58365b352109c7a6":1.0175416312468413,"0x1ba3d0aab50d10675f72d0704daa3e3c0d4eb86b":1.0175416312468413,"0x80b3153f39aeec1ef68adc038913698e103e6e1d":1.0175416312468413,