{"details":{"chainId":"1088","rewardAddress":"0x3F56e0c36d275367b8C502090EDF38289b3dEa0d","total":35771.36258660507,"startBlock":3572857,"endBlock":3619587,"includedVaults":{"10":["0x062016cd29fabb26c52bab646878987fc9b0bc55","0xbf1aea8670d2528e08334083616dd9c5f3b087ae","0xb9c8f0d3254007ee4b98970b94544e473cd610ec","0xF9CE2522027bD40D3b1aEe4abe969831FE3BeAf5"],"137":["0x11A33631a5B5349AF3F165d2B7901A4d67e561ad","0x1F0aa72b980d65518e88841bA1dA075BD43fa933","0x7dda5e1a389e0c1892caf55940f5fce6588a9ae0","0x305f113ff78255d4f8524c8f50c7300b91b10f6a","0xF086dEdf6a89e7B16145b03a6CB0C0a9979F1433","0x61167073E31b1DAd85a3E531211c7B8F1E5cAE72","0xff2c44Fb819757225a176e825255a01B3B8BB051","0x37131aEDd3da288467B6EBe9A77C523A700E6Ca1","0x701A1824e5574B0b6b1c8dA808B184a7AB7A2867","0x578375c3af7d61586c2C3A7BA87d2eEd640EFA40","0x11826d20b6a16a22450978642404da95b4640123","0x3fd939B017b31eaADF9ae50C7fF7Fa5c0661d47C","0x88d84a85A87ED12B8f098e8953B322fF789fCD1a"],"1088":["0x10dcbee8afa39a847707e16aea5eb34c6b01aba9","0xc09c73f7b32573d178138e76c0e286ba21085c20","0x10dcbee8afa39a847707e16aea5eb34c6b01aba9","0xb89c1b3d9f335b9d8bb16016f3d60160ae71041f","0xc09c73f7b32573d178138e76c0e286ba21085c20"]}},"values":{"0xe5ae5aac9a19ec43abdd161e95640a1cc12ae348":256.783494252172,"0xcba1a275e2d858ecffaf7a87f606f74b719a8a93":258.3802898695451,"0x3e38ef489af0e780fb1a18db36b47efcb6a859b5":38.19627041407174,"0xf6bc7cc74de5dcb76f20440a51ea0fff1b037645":1.3705930317418862,"0x32524b1df07d622d38319d81ea1c4f4a29187437":38.34707589199765,"0xe72994419480d9a0b3ab38e53ef7d7c28c48193d":76.40471897344987,"0x19241812c6434bb55d7828b81268070dbbf9f70b":1.1156810485944886,"0xb7d4cc582bf137166e1499960754d32558e18440":25.522718956470385,"0x98771bba24d57af722b4b43f55e002df4f7d29b2":8.231712915620324,"0xd6fd705ee0b31a9300d3e2154bcce777270cbb6f":218.20916001808354,"0x4511b301eb0a41c12994d45db17d9bbae39d409b":0.2010355638010155,"0x3a542300159d084382e228ec8f54a402451e5a67":11.130326786032722,"0x48cf1cba8cd942818aab23f1af48470020138891":3092.6982514620863,"0xa2e05af8d9271bb0acec0909de1173005cbb05cb":0.3246677437936618,"0x93beca36d5bcdc7be0f9ca38b1b5f5f5292aa859":45.987730524788546,"0x1ffac7df7864dc7da6fb59f991e52c2955f95c84":0.3212819407111635,"0x7fe4d3f9a56444a7a779d691b1c1c2421c0c9aab":92.44899905633982,"0x367947a84d47f9722f043042bb6b0e7b3369ecea":0.8052080729246581,"0xff4f7b726ee86f810531d2842b3bdd8a512db594":0.5969357716070217,"0xd956d35c348daa334245402a31fde52120b1dcff":1.333243824411433,"0x4ffcb4a325dc359b39215c694bbfbfaf6485097b":2.7285315200680476,"0x3b31d3dec0dbbffa9fd10b6ddd313a54eb479a35":325.1860899773646,"0xc724b0047de0fa1259c043e7203abb243e2c8fc4":0.1610416145849316,"0xa7871c77cfdca9bc4477666c5663ba1217031344":0.26199622061308053,"0x664fe0585ee5df5d0d18f481fcd197c6d00ab25c":8.775381650075,"0x8f6f5ccad7a126c14a39d4b0251d06cea2b856a4":0.2856783979365477,"0x37d2d38283b21b97deda8e7f31bbecc672822d86":0.23581093564222128,"0x0a66a105ea8a4fc5a0475b37cd4be050621b95d4":62.6677781687736,"0xfbf2a4db9aef5757f3a758859a9132af55754fa3":7.668648914542049,"0x3982f7e1051ce72a4f8088d28580f41e242333c5":53.71390055282513,"0xc9c026d92314aaa032cf493db1058b143dbf9aff":0.5778617616889813,"0xd84f7d807e085fd12abe9e874695db94d989caa5":23.005944940704516,"0xf72cd97a579fb4b06588812ad3bf3f9c739f02a3":0.3917756582849862,"0x8de5469f7bf563daa3284c60984f2c9215cef448":0.12743274547536423,"0x1e121993b4a8bc79d18a4c409db84c100fff25f5":59.74790347766481,"0x24ec3be409cd0c4ef4f79a1bc08efc205484031a":6.353457646587195,"0x954c8952cfb768617141a2cbeb2b23faaf7b89cf":1.4430650379946424,"0x44aac8a5450461b39eabfa1ca0758ff73498d7f9":431.5688543964441,"0x6bc03d43a138b295541739ebbf89b8bfdc2d00a5":2.2038146041811477,"0x97eda3c9f1e4c7ef743b552ab687aa49fca804c0":1.326777390822929,"0x3b82b31bbe0dc3fe0f13d17f9a4d0455ef562e06":73.01991265895083,"0x0e06386cc164e743f2750753a7cb823afe5a11b9":0.5072786680039919,"0x23e817b3982ba0e033dab4fa1b47088418ad6b2a":71.2909085443887,"0xe8cc747b7feeb7cf32522d8b116ea54930208e2d":0.7944343272040868,"0x5d6c710647b47d257f1974d4f0666e65d2c0728a":261.9599758843273,"0xdca6143e849247df9d1a32264fe5108fe31ae878":0.02273540041157533,"0x4b04bb3b261dfbcdf044f0c5e32a7d57f647a1cb":0.7336023290412549,"0x49cfe051539eb6626e4483396c32c6283da1b70c":224.12571086847032,"0xa4591bdce93938e032e84f8cea1d4ceedf654d52":1.0496224069879025,"0x2c48a579668f76dbf59c20b9273da9083be65f52":2.1088022915117106,"0xa5be26bdce2a21f08979b04e6433b1193ea04bb7":0.4792905195980107,"0xa618f8841e70b0543a921768ea5b229ecd9a4ba8":3.8343241567840862,"0xf5f61157f3c13e4bbc5c42e75ae80946b72de83f":0.10503030747916728,"0xdfc42b51d5dfd39a67c9e98444d5b7ad0314c775":4.792905195980108,"0xa9cc27c0789f4829d91810bde3e72f1799b94a7d":9.52722095870037,"0x8c213d6a206a9c1df3573d9dca364aa0f0752546":23.326936344683045,"0xef330d6f0b4375c39d8ed3d0d690a5b69e9ecd0c":3.886282316006788,"0x9cfb077e441b17d7126e2bba4203e0d263e27d24":5.850044700288245,"0x988e886b14a58dffa124230a489ad83f64008854":250.44309489898532,"0x3c5a328a5b33265740a8c1412bd82364d3b220c6":1.187312163913631,"0x4f13fb0dd3d43a4511c1c6ef49569287ee968ae5":4.084110550348667,"0xfb083fdff8a086e55bdf4ccc5bc7a0bc765f4c5e":2.4539674603418153,"0x1552132ed939d420dd3141423d22009fd95a0aa3":42.17756572462495,"0xea22e820a89ba3e188f91966f6841b9902d964c7":239.37606252553698,"0x81f45b90e54589b9251abd2a65c8c55f1e83d0cb":120.85887111200577,"0x141bbbde978d42217ceb85d087a3b425343fa1eb":2.197578783034655,"0x9f6d8d7c57e989fedf1d50d9cf66c91def446405":2.1816985658729875,"0xb2d7c3aec073443011a42a25f8577920890b37cc":3.4036819078252276,"0xe32650e748e7e4aba16181d9882d15ba328d5a78":32.62510294045966,"0x83cf51a12258848540e862d1ab8b2fe05518f716":18.114729039374566,"0x183b6267cb9f985a8aa7fc912672a21d644a4102":51.380907892575415,"0xccf2255b22c01edb3f109366e052f3051155c4d0":0.13618650316528524,"0x9e1e1fc3bb6a678b7e59278b76e05bbc7e705ef5":0.29704125810190635,"0x04403d0a919ef68e5edbe4de46f9e89110fe60ad":0.08087804470853284,"0xf887f68f4fe09b71b02192bbec27faba313cf9b7":1.1671072269765566,"0xd473781816837c7cd2fadc34e66f09786d2e2694":0.268402690974886,"0x0e6c677d8a38bf7133fa79d961d800171c26bb45":0.09585810391960213,"0x2b60560fef1a87fd2c5d379216486e6e44572fbc":0.14730815282272255,"0xf8aea31756f48fc0149515320f5104875b9d5c96":0.04665019932363617,"0x158cbe24e0c054c5d06c5984763177ccd27839a8":1124.5721282532263,"0x8e29d0e2ca8e92a9f27192616e2e9f170fd2a035":0.30528121261754126,"0xff6146aad91a1a64000f7131624b02e764ecf1f8":0.20082311047872628,"0xdd21be69badb67067b9cea9227cc701551a545c6":1.9976708106407695,"0x7ae0d1c37eaff28f86f044d38950b6c42a135613":0.33203809017551156,"0x29043e78830f5934195c9927870b9bde9b9aadac":0.47463277083462796,"0x4ffd0a59a26cb2aa76d403215e4cc2845c053994":0.08514854506199401,"0x21c8dc59f2e9a11c4c1a0c310641968132c6b1be":1404.434390527094,"0x986fcc6b0d290308ad6f6a0e8471f74f53dec06a":1.627060062418112,"0xc315155d817140250d238f140142a10b69fa1c4e":79.38653025599068,"0xaa9d5cdadec5b530fa6d9cbb5905e38742629134":1.5475067855634221,"0x9b3780d3e439650a16c78cba5f9b82b483eeaa81":9.603999602471854,"0xe259bc0b82c40791b5c0b882bc1e25a477e1f5fb":0.4666674155234822,"0x87fc1313880d579039ac48db8b25428ed5f33c4a":1.5817952005318605,"0x16643680f8423948c469b2ea02a1544337535532":0.2913487167482025,"0x4df37cc3c48ec3eb689c8bf0d91249ce2506f73b":27.075128872449255,"0xc399cb4679a5f59a6a4f00473437d0273dd5d7b4":283.8562023230193,"0xc6fbaf5fb912eed59c56651f0130d9e11e92d5fe":1.446258519857921,"0xc6654898d96e97199a8d14e534fe92dd6b2674bd":0.43281355521785125,"0x9d458d056ceedca9c7b7d71a093cad9e54f1d14d":0.8561323902999245,"0x3dd1b656fcc459cc4cf203b53aaabf8c85181f1d":0.407233429548275,"0xe0ba6c4c82376c76386d1ca2ae2516ab18882e3c":2.906937745590402,"0x2e6f53f0fb64aac1cffed22e10d2d52de1dbca8a":0.03940851940260031,"0x56aa4fb42f77faa81b5ca0d2b3cab33f80899648":0.10961656617623176,"0x3c7e870ce51a3429a3d2dfc4454282a8676f2029":5.230919327186622,"0x7bd2b1c17638c44933ffd0d65734136a1b2ed67a":1.6053068888544757,"0x98940c00e5165cd6421b50b1c9e5f7c594bd9797":0.24598828304529205,