{"details":{"chainId":"1088","rewardAddress":"0x3F56e0c36d275367b8C502090EDF38289b3dEa0d","total":3117.7829099307137,"startBlock":3572857,"endBlock":3619587,"includedVaults":{"10":["0xF9CE2522027bD40D3b1aEe4abe969831FE3BeAf5","0x062016cd29fabb26c52bab646878987fc9b0bc55","0xbf1aea8670d2528e08334083616dd9c5f3b087ae","0xb9c8f0d3254007ee4b98970b94544e473cd610ec"],"137":["0xF086dEdf6a89e7B16145b03a6CB0C0a9979F1433","0x88d84a85A87ED12B8f098e8953B322fF789fCD1a","0x11826d20b6a16a22450978642404da95b4640123","0x11A33631a5B5349AF3F165d2B7901A4d67e561ad","0x37131aEDd3da288467B6EBe9A77C523A700E6Ca1","0x305f113ff78255d4f8524c8f50c7300b91b10f6a","0x7dda5e1a389e0c1892caf55940f5fce6588a9ae0","0xff2c44Fb819757225a176e825255a01B3B8BB051","0x701A1824e5574B0b6b1c8dA808B184a7AB7A2867","0x61167073E31b1DAd85a3E531211c7B8F1E5cAE72","0x3fd939B017b31eaADF9ae50C7fF7Fa5c0661d47C","0x578375c3af7d61586c2C3A7BA87d2eEd640EFA40","0x1F0aa72b980d65518e88841bA1dA075BD43fa933"],"1088":["0x10dcbee8afa39a847707e16aea5eb34c6b01aba9","0xc09c73f7b32573d178138e76c0e286ba21085c20","0x10dcbee8afa39a847707e16aea5eb34c6b01aba9"]}},"values":{"0xe5ae5aac9a19ec43abdd161e95640a1cc12ae348":7.592123552327892,"0xcba1a275e2d858ecffaf7a87f606f74b719a8a93":80.59473063284932,"0x3e38ef489af0e780fb1a18db36b47efcb6a859b5":1.598888353919538,"0xf6bc7cc74de5dcb76f20440a51ea0fff1b037645":1.3706098235562996,"0x32524b1df07d622d38319d81ea1c4f4a29187437":38.34789275092487,"0xe72994419480d9a0b3ab38e53ef7d7c28c48193d":76.40635766606596,"0x19241812c6434bb55d7828b81268070dbbf9f70b":1.1157058246077427,"0xb7d4cc582bf137166e1499960754d32558e18440":11.916538096487518,"0x98771bba24d57af722b4b43f55e002df4f7d29b2":8.231823450481873,"0xd6fd705ee0b31a9300d3e2154bcce777270cbb6f":218.21380824995563,"0x4511b301eb0a41c12994d45db17d9bbae39d409b":0.2010368486740051,"0x3a542300159d084382e228ec8f54a402451e5a67":1.6601485529463538,"0x48cf1cba8cd942818aab23f1af48470020138891":1095.3665922703715,"0xa2e05af8d9271bb0acec0909de1173005cbb05cb":0.32466971898533903,"0x93beca36d5bcdc7be0f9ca38b1b5f5f5292aa859":45.9887538370458,"0x1ffac7df7864dc7da6fb59f991e52c2955f95c84":0.3212839752972167,"0x7fe4d3f9a56444a7a779d691b1c1c2421c0c9aab":2.0061696425487683,"0x367947a84d47f9722f043042bb6b0e7b3369ecea":0.8052252252468975,"0xff4f7b726ee86f810531d2842b3bdd8a512db594":0.5969488529429853,"0xd956d35c348daa334245402a31fde52120b1dcff":1.3332690596968384,"0x4ffcb4a325dc359b39215c694bbfbfaf6485097b":2.7285763162964103,"0x3b31d3dec0dbbffa9fd10b6ddd313a54eb479a35":21.77137264312901,"0xc724b0047de0fa1259c043e7203abb243e2c8fc4":0.1610450450493795,"0xa7871c77cfdca9bc4477666c5663ba1217031344":0.262001317295061,"0x664fe0585ee5df5d0d18f481fcd197c6d00ab25c":8.775571522963503,"0x8f6f5ccad7a126c14a39d4b0251d06cea2b856a4":0.28567962305206956,"0x37d2d38283b21b97deda8e7f31bbecc672822d86":0.2358159588223057,"0x0a66a105ea8a4fc5a0475b37cd4be050621b95d4":11.5412597136924,"0xfbf2a4db9aef5757f3a758859a9132af55754fa3":7.668812270004751,"0x3982f7e1051ce72a4f8088d28580f41e242333c5":10.329646843270979,"0xc9c026d92314aaa032cf493db1058b143dbf9aff":0.5778740711422514,"0xd84f7d807e085fd12abe9e874695db94d989caa5":23.00643500705422,"0xf72cd97a579fb4b06588812ad3bf3f9c739f02a3":0.3917895304462862,"0x8de5469f7bf563daa3284c60984f2c9215cef448":0.12743324095490763,"0x1e121993b4a8bc79d18a4c409db84c100fff25f5":59.7490018859656,"0x24ec3be409cd0c4ef4f79a1bc08efc205484031a":6.353605544802719,"0x954c8952cfb768617141a2cbeb2b23faaf7b89cf":1.4430942096059907,"0x44aac8a5450461b39eabfa1ca0758ff73498d7f9":307.0815267049433,"0x6bc03d43a138b295541739ebbf89b8bfdc2d00a5":2.203847281875681,"0x97eda3c9f1e4c7ef743b552ab687aa49fca804c0":1.326799798384895,"0x3b82b31bbe0dc3fe0f13d17f9a4d0455ef562e06":29.614572591987336,"0x0e06386cc164e743f2750753a7cb823afe5a11b9":0.5072894739154966,"0x23e817b3982ba0e033dab4fa1b47088418ad6b2a":13.32338611537224,"0xe8cc747b7feeb7cf32522d8b116ea54930208e2d":0.7944545832798744,"0x5d6c710647b47d257f1974d4f0666e65d2c0728a":1.5337623338036144,"0xdca6143e849247df9d1a32264fe5108fe31ae878":0.02273549842081708,"0x4b04bb3b261dfbcdf044f0c5e32a7d57f647a1cb":0.733617956037514,"0x49cfe051539eb6626e4483396c32c6283da1b70c":224.12703399323394,"0xa4591bdce93938e032e84f8cea1d4ceedf654d52":1.0496447657574677,"0x2c48a579668f76dbf59c20b9273da9083be65f52":0.4506929936889313,"0xa5be26bdce2a21f08979b04e6433b1193ea04bb7":0.4793007293136295,"0xa618f8841e70b0543a921768ea5b229ecd9a4ba8":3.834405834509036,"0xf5f61157f3c13e4bbc5c42e75ae80946b72de83f":0.1050308633188354,"0xdfc42b51d5dfd39a67c9e98444d5b7ad0314c775":4.793007293136295,"0xa9cc27c0789f4829d91810bde3e72f1799b94a7d":0.3580547204556756,"0x8c213d6a206a9c1df3573d9dca364aa0f0752546":23.32745595371016,"0xef330d6f0b4375c39d8ed3d0d690a5b69e9ecd0c":3.886365100530241,"0x9cfb077e441b17d7126e2bba4203e0d263e27d24":1.320403263396971,"0x988e886b14a58dffa124230a489ad83f64008854":250.44756596930813,"0x3c5a328a5b33265740a8c1412bd82364d3b220c6":1.1873401667615346,"0x4f13fb0dd3d43a4511c1c6ef49569287ee968ae5":0.20880474722272038,"0xfb083fdff8a086e55bdf4ccc5bc7a0bc765f4c5e":2.454019734085783,"0x1552132ed939d420dd3141423d22009fd95a0aa3":42.178464179599395,"0xea22e820a89ba3e188f91966f6841b9902d964c7":0.6625005690468087,"0x81f45b90e54589b9251abd2a65c8c55f1e83d0cb":0.8887819622984944,"0x141bbbde978d42217ceb85d087a3b425343fa1eb":2.197625595257111,"0x9f6d8d7c57e989fedf1d50d9cf66c91def446405":1.2772970664993315,"0xb2d7c3aec073443011a42a25f8577920890b37cc":1.9026417637768698,"0xe32650e748e7e4aba16181d9882d15ba328d5a78":22.65958359411406,"0x83cf51a12258848540e862d1ab8b2fe05518f716":3.0409466516971366,"0x183b6267cb9f985a8aa7fc912672a21d644a4102":51.38186060670548,"0xccf2255b22c01edb3f109366e052f3051155c4d0":0.13618940417294462,"0x9e1e1fc3bb6a678b7e59278b76e05bbc7e705ef5":0.29704758559358047,"0x04403d0a919ef68e5edbe4de46f9e89110fe60ad":0.08087839154941638,"0xf887f68f4fe09b71b02192bbec27faba313cf9b7":1.1671320883756389,"0xd473781816837c7cd2fadc34e66f09786d2e2694":0.2684084084156325,"0x0e6c677d8a38bf7133fa79d961d800171c26bb45":0.09586014586272587,"0x2b60560fef1a87fd2c5d379216486e6e44572fbc":0.14730905695672336,"0xf8aea31756f48fc0149515320f5104875b9d5c96":0.046651193053428804,"0x158cbe24e0c054c5d06c5984763177ccd27839a8":12.993897143985304,"0x8e29d0e2ca8e92a9f27192616e2e9f170fd2a035":0.30528243773306313,"0xff6146aad91a1a64000f7131624b02e764ecf1f8":0.20082720538624615,"0xdd21be69badb67067b9cea9227cc701551a545c6":1.997713364478249,"0x7ae0d1c37eaff28f86f044d38950b6c42a135613":0.33204005036034656,"0x29043e78830f5934195c9927870b9bde9b9aadac":0.4746428813321559,"0x4ffd0a59a26cb2aa76d403215e4cc2845c053994":0.085148937098961,"0x21c8dc59f2e9a11c4c1a0c310641968132c6b1be":184.61400701905782,"0x986fcc6b0d290308ad6f6a0e8471f74f53dec06a":1.6270943670625908,"0xc315155d817140250d238f140142a10b69fa1c4e":79.38822132615529,"0xaa9d5cdadec5b530fa6d9cbb5905e38742629134":1.5475366543608997,"0x9b3780d3e439650a16c78cba5f9b82b483eeaa81":9.604215232874179,"0xe259bc0b82c40791b5c0b882bc1e25a477e1f5fb":0.4666773466602695,"0x87fc1313880d579039ac48db8b25428ed5f33c4a":1.1585799335807183,"0x16643680f8423948c469b2ea02a1544337535532":0.2913552742284026,"0x4df37cc3c48ec3eb689c8bf0d91249ce2506f73b":20.409668085190606,"0xc399cb4679a5f59a6a4f00473437d0273dd5d7b4":0.3417187518415125,"0xc6fbaf5fb912eed59c56651f0130d9e11e92d5fe":1.4462945466069383,"0xc6654898d96e97199a8d14e534fe92dd6b2674bd":0.4328243367379675,"0x9d458d056ceedca9c7b7d71a093cad9e54f1d14d":0.8561684689099962,"0x3dd1b656fcc459cc4cf203b53aaabf8c85181f1d":0.4072473985617743,"0xe0ba6c4c82376c76386d1ca2ae2516ab18882e3c":2.9070455607915644,"0x2e6f53f0fb64aac1cffed22e10d2d52de1dbca8a":0.03941067570662356,"0x56aa4fb42f77faa81b5ca0d2b3cab33f80899648":0.10962256403269131,"0x7bd2b1c17638c44933ffd0d65734136a1b2ed67a":1.6053593818107577,"0x3c7e870ce51a3429a3d2dfc4454282a8676f2029":5.206431808415953,"0x98940c00e5165cd6421b50b1c9e5f7c594bd9797":0.21957031405570548,"0xc9176e167e4ec7883b7e0a0446f265c0288b7983":33.030610353488775,