{"details":{"chainId":"1","rewardAddress":"0x559b7bfC48a5274754b08819F75C5F27aF53D53b","total":32549.492055222745,"startBlock":15711888,"endBlock":15762027,"includedVaults":{"1":{"0x559b7bfC48a5274754b08819F75C5F27aF53D53b":{"0x98eb27E5F24FB83b7D129D789665b08C258b4cCF":{},"0x60d133c666919B54a3254E0d3F14332cB783B733":{},"0x8C45969aD19D297c9B85763e90D0344C6E2ac9d1":{},"0x82E90EB7034C1DF646bD06aFb9E67281AAb5ed28":{}}},"10":{"0x3F56e0c36d275367b8C502090EDF38289b3dEa0d":{"0xF9CE2522027bD40D3b1aEe4abe969831FE3BeAf5":{},"0x062016cd29fabb26c52bab646878987fc9b0bc55":{},"0xAB91c51b55F7Dd7B34F2FD7217506fD5b632B2B9":{},"0xb9c8f0d3254007ee4b98970b94544e473cd610ec":{},"0xbf1aea8670d2528e08334083616dd9c5f3b087ae":{}}},"137":{"0x580A84C73811E1839F75d86d75d88cCa0c241fF4":{"0xff2c44Fb819757225a176e825255a01B3B8BB051":{},"0x3fd939B017b31eaADF9ae50C7fF7Fa5c0661d47C":{},"0x11A33631a5B5349AF3F165d2B7901A4d67e561ad":{},"0x1F0aa72b980d65518e88841bA1dA075BD43fa933":{},"0x701A1824e5574B0b6b1c8dA808B184a7AB7A2867":{},"0x37131aEDd3da288467B6EBe9A77C523A700E6Ca1":{},"0x305f113ff78255d4f8524c8f50c7300b91b10f6a":{},"0x88d84a85A87ED12B8f098e8953B322fF789fCD1a":{},"0xF086dEdf6a89e7B16145b03a6CB0C0a9979F1433":{},"0x11826d20b6a16a22450978642404da95b4640123":{}}},"1088":{"0x3F56e0c36d275367b8C502090EDF38289b3dEa0d":{"0xb89c1b3d9f335b9d8bb16016f3d60160ae71041f":{},"0x10dcbee8afa39a847707e16aea5eb34c6b01aba9":{}},"0xDeadDeAddeAddEAddeadDEaDDEAdDeaDDeAD0000":{"0xc09c73f7b32573d178138e76c0e286ba21085c20":{},"0x10dcbee8afa39a847707e16aea5eb34c6b01aba9":{}}}}},"values":{"0x639ade8805c0081ea5da9495bb50751003e827cc":2043.8301015051093,"0x854f1269b659a727a2268ab86ff77cfb30bfb358":634.5400326694248,"0xeefd6537adbda7b1a9da3f6607dda26b048489c2":111.5518519371448,"0x9177eb417cd0f2ccd2662e1879af1c67e1d2779c":100.81797532052315,"0xe0eae533863f6818342fa589f7b466fc3bcbbb74":304.3399853634619,"0xc399cb4679a5f59a6a4f00473437d0273dd5d7b4":330.05002576465085,"0xf7599b9237680ea12df90cdccc79f37956a68086":85.58710444613283,"0xa532f169cee0e551d4da641031ac78fd85461035":94.0607073994729,"0x8d0328b4f6dbd62146266046f2e139edc37c27f3":168.89555451446077,"0x598c5e19a132a5c433a80c908f05d87bfdaac4ae":1093.1699488935094,"0x118e2ae07382d8ac768712e095bab4a06590e4a5":180.70186630955547,"0x53e213da8c28d85dc6663c3b5e35bb0ffbb05752":123.63811905390638,"0xa44d3bbdd1ffeff9471b250fae74b29c1659f226":142.65936813912276,"0x2479b47559f85b79894553f776529847e5bb389a":677.8539257291224,"0x62ace6e511476adcc8635b92e457f604bd22ad32":199.72311539477184,"0x315e6635a6ad955f08b044a6ef67b53d6b72d621":142.65936813912276,"0x80b3153f39aeec1ef68adc038913698e103e6e1d":21090.041358786835,"0xfd8a63085804dcb95417fe33f9e49253522c68dd":1409.9586412131928,"0x09fa38eba245bb68354b8950fa2fe71f02863393":67.08119008034448,"0x6e868846b2182235c16fd122fcd44739e55a58e4":402.48714048206693,"0x1cdfb7f34e9d8bbaf5583a58783bfc4b67d3127b":1475.7861817675787,"0xd3f85ade70adf48ed17c8cb182b8b1aff542e51f":201.24357024103347,"0x1395de9daec52ad405e945603ea0a9346d00d01c":67.08119008034448,"0x947e7c813961b76133cc4492700e8b2fc93642e8":135.77232872261726,"0x7c9f43215d3b3d5055433a9d7b12bcbf9f4be442":155.06529218215948,"0x0394b816fe290049b04bc8bf8e89d38a80f5ecba":611.5254166275033,"0x9aa8cc57ef8793975f60e23611af8804070a4f22":167.70297520086123,"0xb83bf031201753e9eb0a60ea5b7ed5c880cb8459":29.47335431182947,"0x4334703b0b74e2045926f82f4158a103fce1df4f":67.75831389192221,"0x967e31545b1683eab2b7a110a080731ed983b2b8":24.934020048630366,"0x3a1bbd14c1c0e2ebf7cd906961d122dadd5448a7":14.727389350844177,"0x2f463642fa60cb1f1fd1c57af25b34b7a9a99586":74.08107341855373,"0xa11cba2199d349c35f4c4ef6a4760406c69f9f79":6.392549111122546,"0x08888ce68d8de3d2616f96270f06b1b6fb3a18f6":33.084347354200595,"0x91831208ef824bbb986996312f2f0d92cca7bb90":28.009110947550358,"0xe36d639a953f563e129ef289a04818bb04a2bcbe":47.334705548332245,"0xbd033241cf0a5eae1c8d24f30a81660f2c420bd6":5.872855275728248}}