{"details":{"chainId":"1088","rewardAddress":"0xDeadDeAddeAddEAddeadDEaDDEAdDeaDDeAD0000","total":187.49999999999923,"startBlock":3860458,"endBlock":3906636,"includedVaults":{"1":{"0x559b7bfC48a5274754b08819F75C5F27aF53D53b":{"0x60d133c666919B54a3254E0d3F14332cB783B733":{},"0x98eb27E5F24FB83b7D129D789665b08C258b4cCF":{},"0xEcbd32bD581e241739be1763DFE7a8fFcC844ae1":{},"0x82E90EB7034C1DF646bD06aFb9E67281AAb5ed28":{}}},"10":{"0x3F56e0c36d275367b8C502090EDF38289b3dEa0d":{"0xbf1aeA8670D2528E08334083616dD9C5F3B087aE":{},"0xB9C8F0d3254007eE4b98970b94544e473Cd610EC":{},"0x062016Cd29Fabb26c52BAB646878987fC9B0Bc55":{},"0xF9CE2522027bD40D3b1aEe4abe969831FE3BeAf5":{},"0xAB91c51b55F7Dd7B34F2FD7217506fD5b632B2B9":{}}},"137":{"0x580A84C73811E1839F75d86d75d88cCa0c241fF4":{"0x7dDA5e1A389E0C1892CaF55940F5fcE6588a9ae0":{},"0x61167073E31b1DAd85a3E531211c7B8F1E5cAE72":{},"0x305f113ff78255d4F8524c8F50C7300B91B10f6A":{},"0x11826d20B6A16A22450978642404dA95B4640123":{},"0xa3b0A659f2147D77A443f70D96b3cC95E7A26390":{},"0x37131aEDd3da288467B6EBe9A77C523A700E6Ca1":{},"0x3fd939B017b31eaADF9ae50C7fF7Fa5c0661d47C":{},"0x1F0aa72b980d65518e88841bA1dA075BD43fa933":{},"0x701A1824e5574B0b6b1c8dA808B184a7AB7A2867":{},"0x11A33631a5B5349AF3F165d2B7901A4d67e561ad":{},"0x88d84a85A87ED12B8f098e8953B322fF789fCD1a":{}}},"1088":{"0xDeadDeAddeAddEAddeadDEaDDEAdDeaDDeAD0000":{"0x10dcbee8afa39a847707e16aea5eb34c6b01aba9":{},"0xc09c73f7b32573d178138e76c0e286ba21085c20":{}}}}},"values":{"0x3e38ef489af0e780fb1a18db36b47efcb6a859b5":1.01481588643774,"0x32524b1df07d622d38319d81ea1c4f4a29187437":1.1806451364612796,"0x19241812c6434bb55d7828b81268070dbbf9f70b":0.0712094129796934,"0xb7d4cc582bf137166e1499960754d32558e18440":0.7355797021594028,"0x98771bba24d57af722b4b43f55e002df4f7d29b2":0.566908340705209,"0xd6fd705ee0b31a9300d3e2154bcce777270cbb6f":7.426627295199337,"0x3a542300159d084382e228ec8f54a402451e5a67":0.3686609048314806,"0x48cf1cba8cd942818aab23f1af48470020138891":51.140338796834946,"0xa2e05af8d9271bb0acec0909de1173005cbb05cb":0.023791299972882863,"0x93beca36d5bcdc7be0f9ca38b1b5f5f5292aa859":2.5381332300687443,"0x1ffac7df7864dc7da6fb59f991e52c2955f95c84":0.012253354363144613,"0x7fe4d3f9a56444a7a779d691b1c1c2421c0c9aab":0.9023521096744624,"0x367947a84d47f9722f043042bb6b0e7b3369ecea":0.061387408355151024,"0xff4f7b726ee86f810531d2842b3bdd8a512db594":0.026665462582150936,"0xd956d35c348daa334245402a31fde52120b1dcff":0.03500828506864226,"0x4ffcb4a325dc359b39215c694bbfbfaf6485097b":0.08397419470027973,"0x664fe0585ee5df5d0d18f481fcd197c6d00ab25c":0.5425684908105034,"0x0a66a105ea8a4fc5a0475b37cd4be050621b95d4":1.497269977259507,"0xfbf2a4db9aef5757f3a758859a9132af55754fa3":0.8592117369403311,"0xc9c026d92314aaa032cf493db1058b143dbf9aff":0.017791439441342545,"0xd84f7d807e085fd12abe9e874695db94d989caa5":0.6882385809476043,"0xf72cd97a579fb4b06588812ad3bf3f9c739f02a3":0.01790195010696981,"0x1e121993b4a8bc79d18a4c409db84c100fff25f5":0.9298838342263127,"0x954c8952cfb768617141a2cbeb2b23faaf7b89cf":0.035415987210871205,"0x44aac8a5450461b39eabfa1ca0758ff73498d7f9":25.21866191890042,"0x97eda3c9f1e4c7ef743b552ab687aa49fca804c0":0.05664784179209093,"0x3b82b31bbe0dc3fe0f13d17f9a4d0455ef562e06":1.6707453164926809,"0x0e06386cc164e743f2750753a7cb823afe5a11b9":0.015618298873590317,"0x23e817b3982ba0e033dab4fa1b47088418ad6b2a":0.7282021777836012,"0xe8cc747b7feeb7cf32522d8b116ea54930208e2d":0.029277071677072025,"0x5d6c710647b47d257f1974d4f0666e65d2c0728a":0.3974162062876655,"0x4b04bb3b261dfbcdf044f0c5e32a7d57f647a1cb":0.019635124717639132,"0xa4591bdce93938e032e84f8cea1d4ceedf654d52":0.05929272081172481,"0x2c48a579668f76dbf59c20b9273da9083be65f52":0.03120067677040957,"0xa5be26bdce2a21f08979b04e6433b1193ea04bb7":0.014166325005034851,"0xa618f8841e70b0543a921768ea5b229ecd9a4ba8":0.11805270837529043,"0xc6fbaf5fb912eed59c56651f0130d9e11e92d5fe":0.06553939171567144,"0xdfc42b51d5dfd39a67c9e98444d5b7ad0314c775":0.22740492785078972,"0x8c213d6a206a9c1df3573d9dca364aa0f0752546":1.4267637306426504,"0x9cfb077e441b17d7126e2bba4203e0d263e27d24":0.11657386124605186,"0x988e886b14a58dffa124230a489ad83f64008854":5.9835947253422,"0xea22e820a89ba3e188f91966f6841b9902d964c7":1.7789686280213168,"0x9f6d8d7c57e989fedf1d50d9cf66c91def446405":0.05470322980418186,"0xb2d7c3aec073443011a42a25f8577920890b37cc":1.3135975904609354,"0xe32650e748e7e4aba16181d9882d15ba328d5a78":0.5347493869504133,"0x183b6267cb9f985a8aa7fc912672a21d644a4102":1.6074989649458105,"0xf887f68f4fe09b71b02192bbec27faba313cf9b7":0.03593336491000175,"0xd473781816837c7cd2fadc34e66f09786d2e2694":0.011805270837529042,"0x158cbe24e0c054c5d06c5984763177ccd27839a8":0.039331054178613704,"0x7bd2b1c17638c44933ffd0d65734136a1b2ed67a":0.5312371876888069,"0x29043e78830f5934195c9927870b9bde9b9aadac":0.014613183911839921,"0xe259bc0b82c40791b5c0b882bc1e25a477e1f5fb":0.015860335520261233,"0x986fcc6b0d290308ad6f6a0e8471f74f53dec06a":0.04965701363309302,"0x16643680f8423948c469b2ea02a1544337535532":0.0804462226405854,"0xaa9d5cdadec5b530fa6d9cbb5905e38742629134":0.04224407976582054,"0x9b3780d3e439650a16c78cba5f9b82b483eeaa81":0.3541581251258713,"0x87fc1313880d579039ac48db8b25428ed5f33c4a":0.4813920004814756,"0x3dd1b656fcc459cc4cf203b53aaabf8c85181f1d":0.022943145203105447,"0xe0ba6c4c82376c76386d1ca2ae2516ab18882e3c":0.12866851340786795,"0x3c7e870ce51a3429a3d2dfc4454282a8676f2029":1.9466582917331727,"0xc9176e167e4ec7883b7e0a0446f265c0288b7983":6.357149357844166,"0x97c1e7465f0d7424ffda9f4dfeb6532f983f8a5c":0.1526421519292505,"0x6d15eff7c4d740c4683a23abeb432f0a1b255a12":0.03398688425128357,"0x2b5a0be5940b63de1eddccca7bd977357e2488ed":0.011895958166472565,"0x02d7f554e465e34f7d84610c4a258c22529ff610":0.05162850754778981,"0x6d91286c1228313828d8284f117cc4fa6c04535e":0.5902635418764521,"0xbdfaf011bfb1a0c8bdce7fa2add4e3aab635c909":0.052132253509864654,"0x68db64a8cc0aea50b479bdd5bc3b3dd5e5821ed4":0.0179083613796724,"0x6728da53d8bc7c574874745dd2c71b9ae6eae820":0.5733150140179113,"0x29ae8d5adcb1fd41aead285af28e9541ce002c20":0.2677625479599856,"0xd05a99199a4ce3b24e80ed552fd8f8b0ac870910":0.012159475802923075,"0x1f1108c1a8ac0feb8050c13e22b2692a5d0d3043":0.025857501554259726,"0x58ec4a83b46037fef8d50b795b8fe980d4590cfc":0.29700891639189375,"0xe49f9c282fe9c9bec52905cf11fbb93a59568fd9":0.04147819495224915,"0xf18c2bc2e45a494e34c8cc553323f0e870bcee59":0.03305475834508132,"0xec20749241a29c7f3752d30e14dec845442861d0":0.5312371876888069,"0x5ad911da81b204627df872780981b0d90f25c33f":2.095435573661405,"0x4742b30f35035c666c5cba2e8670052b179e0404":0.14635368514154737,"0xbd3449b07f81b3c9e9d4042868aad3a9d926d2fa":0.4319152659089262,"0x6a9010d6b42edb226a85bdfe577a3f8dfcd184c7":0.07958424864211387,"0x3595b7cc9f54e623732036a917b36f96c11428f6":0.10388638337025558,"0x38bca3a2678632b0a52c381010ca0b39ef202723":0.23371472036724816,"0x501f4860aad23ffa53992dca8316952e374eaeab":0.023695723885944493,"0x64f961eec2ba222dcba8fa354f03e27529b96f5b":0.43119866328296363,"0x5a008fbc7551023d888976b8d410e587ca6a077b":0.03496390114270585,"0x7723c45fb37092ee65202db7a2fe562c5fe0ab48":0.013257749802560137,"0x76b7864e802c4bc8d6cfa4929fde708dd9f69812":0.5902635418764521,"0x6c4a6628ef83594ffaecd21ad36a85203c05f0a6":0.002574015200120853,"0xcba1a275e2d858ecffaf7a87f606f74b719a8a93":9.049239947347676,"0xc45d05cdc809d20c7b14959e8cd4a1199e3e966f":0.016390134580410966,"0xc1179161d07b6194d9b33abb34d9bb12510d059f":0.006251279710045379,"0x3982f7e1051ce72a4f8088d28580f41e242333c5":0.8547322376175327,"0xf6bf4b88a8067f5216c1e2e50008cbbb1da60d35":0.008173040166235912,"0x8680b61c2f2ca7ec8d70ae7274b9dcf62b0426f9":0.000434071244518461,"0xb0cbdabfc728ac3cac3a14420028c495deb96b77":0.000492356762975001,"0xe72994419480d9a0b3ab38e53ef7d7c28c48193d":0.010219338254059617,"0x98940c00e5165cd6421b50b1c9e5f7c594bd9797":0.000327505036563548,"0xdb23905e09bc6934204991f02729392a11eed8f8":0.000580459892201656,"0xcdcdefcf200b66718403ccad3295a0ae6553d907":1.3676559855434696,"0x598a69c02d6c71a4ba9180f38e463e25d24083b1":0.18271049892393879,