{"details":{"chainId":"1","rewardAddress":"0x559b7bfC48a5274754b08819F75C5F27aF53D53b","total":32549.492055222745,"startBlock":15762027,"endBlock":15812161,"includedVaults":{"1":{"0x559b7bfC48a5274754b08819F75C5F27aF53D53b":{"0x8C45969aD19D297c9B85763e90D0344C6E2ac9d1":{},"0x82E90EB7034C1DF646bD06aFb9E67281AAb5ed28":{},"0x98eb27E5F24FB83b7D129D789665b08C258b4cCF":{},"0x60d133c666919B54a3254E0d3F14332cB783B733":{}}},"10":{"0x3F56e0c36d275367b8C502090EDF38289b3dEa0d":{"0xbf1aea8670d2528e08334083616dd9c5f3b087ae":{},"0x062016cd29fabb26c52bab646878987fc9b0bc55":{},"0xAB91c51b55F7Dd7B34F2FD7217506fD5b632B2B9":{},"0xF9CE2522027bD40D3b1aEe4abe969831FE3BeAf5":{},"0xb9c8f0d3254007ee4b98970b94544e473cd610ec":{}}},"137":{"0x580A84C73811E1839F75d86d75d88cCa0c241fF4":{"0x305f113ff78255d4f8524c8f50c7300b91b10f6a":{},"0x37131aEDd3da288467B6EBe9A77C523A700E6Ca1":{},"0x88d84a85A87ED12B8f098e8953B322fF789fCD1a":{},"0xF086dEdf6a89e7B16145b03a6CB0C0a9979F1433":{},"0x1F0aa72b980d65518e88841bA1dA075BD43fa933":{},"0x3fd939B017b31eaADF9ae50C7fF7Fa5c0661d47C":{},"0x11A33631a5B5349AF3F165d2B7901A4d67e561ad":{},"0x701A1824e5574B0b6b1c8dA808B184a7AB7A2867":{},"0x11826d20b6a16a22450978642404da95b4640123":{},"0xff2c44Fb819757225a176e825255a01B3B8BB051":{}}},"1088":{"0x3F56e0c36d275367b8C502090EDF38289b3dEa0d":{"0xb89c1b3d9f335b9d8bb16016f3d60160ae71041f":{},"0x10dcbee8afa39a847707e16aea5eb34c6b01aba9":{}},"0xDeadDeAddeAddEAddeadDEaDDEAdDeaDDeAD0000":{"0x10dcbee8afa39a847707e16aea5eb34c6b01aba9":{},"0xc09c73f7b32573d178138e76c0e286ba21085c20":{}}}}},"values":{"0x639ade8805c0081ea5da9495bb50751003e827cc":2339.1855662214275,"0x09fa38eba245bb68354b8950fa2fe71f02863393":65.16135442585916,"0x6e868846b2182235c16fd122fcd44739e55a58e4":390.968126555155,"0x1cdfb7f34e9d8bbaf5583a58783bfc4b67d3127b":1433.5497973689016,"0xc399cb4679a5f59a6a4f00473437d0273dd5d7b4":380.99873459931194,"0xd3f85ade70adf48ed17c8cb182b8b1aff542e51f":195.4840632775775,"0x1395de9daec52ad405e945603ea0a9346d00d01c":65.16135442585916,"0x8d0328b4f6dbd62146266046f2e139edc37c27f3":109.69435334839052,"0x947e7c813961b76133cc4492700e8b2fc93642e8":131.88658135793895,"0x598c5e19a132a5c433a80c908f05d87bfdaac4ae":1203.5763906489024,"0x0394b816fe290049b04bc8bf8e89d38a80f5ecba":594.0238145083501,"0x9aa8cc57ef8793975f60e23611af8804070a4f22":162.9033860646479,"0x4334703b0b74e2045926f82f4158a103fce1df4f":65.81909923664081,"0x82e8936b187d83fd6eb2b7dab5b19556e9deff1c":337.4338932921103,"0x967e31545b1683eab2b7a110a080731ed983b2b8":24.429378236948576,"0x3a1bbd14c1c0e2ebf7cd906961d122dadd5448a7":14.733509343132317,"0x2f463642fa60cb1f1fd1c57af25b34b7a9a99586":74.1118579376031,"0xa11cba2199d349c35f4c4ef6a4760406c69f9f79":6.46282532606031,"0x08888ce68d8de3d2616f96270f06b1b6fb3a18f6":33.44805871023759,"0x91831208ef824bbb986996312f2f0d92cca7bb90":28.0207501823742,"0xe36d639a953f563e129ef289a04818bb04a2bcbe":47.35437556764225,"0xbd033241cf0a5eae1c8d24f30a81660f2c420bd6":5.875295750963918,"0xeefd6537adbda7b1a9da3f6607dda26b048489c2":137.0722524464803,"0xe0eae533863f6818342fa589f7b466fc3bcbbb74":365.52600652394744,"0xa532f169cee0e551d4da641031ac78fd85461035":114.22687703873358,"0x118e2ae07382d8ac768712e095bab4a06590e4a5":217.0310663735938,"0x53e213da8c28d85dc6663c3b5e35bb0ffbb05752":148.49494015035364,"0xa44d3bbdd1ffeff9471b250fae74b29c1659f226":171.34031555810037,"0x2479b47559f85b79894553f776529847e5bb389a":707.223451891951,"0x62ace6e511476adcc8635b92e457f604bd22ad32":239.87644178134053,"0x315e6635a6ad955f08b044a6ef67b53d6b72d621":171.34031555810037,"0x8a2806405aa43150f3f9ed50230ed6c19010b506":67.0778215140792,"0x80b3153f39aeec1ef68adc038913698e103e6e1d":21090.041358786835,"0xfd8a63085804dcb95417fe33f9e49253522c68dd":1409.9586412131928}}