{"details":{"chainId":"1088","rewardAddress":"0xDeadDeAddeAddEAddeadDEaDDEAdDeaDDeAD0000","total":187.49999999999923,"startBlock":3798180,"endBlock":3860458,"includedVaults":{"1":{"0x559b7bfC48a5274754b08819F75C5F27aF53D53b":{"0x8C45969aD19D297c9B85763e90D0344C6E2ac9d1":{},"0x82E90EB7034C1DF646bD06aFb9E67281AAb5ed28":{},"0x98eb27E5F24FB83b7D129D789665b08C258b4cCF":{},"0x60d133c666919B54a3254E0d3F14332cB783B733":{}}},"10":{"0x3F56e0c36d275367b8C502090EDF38289b3dEa0d":{"0xbf1aea8670d2528e08334083616dd9c5f3b087ae":{},"0x062016cd29fabb26c52bab646878987fc9b0bc55":{},"0xAB91c51b55F7Dd7B34F2FD7217506fD5b632B2B9":{},"0xF9CE2522027bD40D3b1aEe4abe969831FE3BeAf5":{},"0xb9c8f0d3254007ee4b98970b94544e473cd610ec":{}}},"137":{"0x580A84C73811E1839F75d86d75d88cCa0c241fF4":{"0x305f113ff78255d4f8524c8f50c7300b91b10f6a":{},"0x37131aEDd3da288467B6EBe9A77C523A700E6Ca1":{},"0x88d84a85A87ED12B8f098e8953B322fF789fCD1a":{},"0xF086dEdf6a89e7B16145b03a6CB0C0a9979F1433":{},"0x1F0aa72b980d65518e88841bA1dA075BD43fa933":{},"0x3fd939B017b31eaADF9ae50C7fF7Fa5c0661d47C":{},"0x11A33631a5B5349AF3F165d2B7901A4d67e561ad":{},"0x701A1824e5574B0b6b1c8dA808B184a7AB7A2867":{},"0x11826d20b6a16a22450978642404da95b4640123":{},"0xff2c44Fb819757225a176e825255a01B3B8BB051":{}}},"1088":{"0x3F56e0c36d275367b8C502090EDF38289b3dEa0d":{"0xb89c1b3d9f335b9d8bb16016f3d60160ae71041f":{},"0x10dcbee8afa39a847707e16aea5eb34c6b01aba9":{}},"0xDeadDeAddeAddEAddeadDEaDDEAdDeaDDeAD0000":{"0x10dcbee8afa39a847707e16aea5eb34c6b01aba9":{},"0xc09c73f7b32573d178138e76c0e286ba21085c20":{}}}}},"values":{"0xe5ae5aac9a19ec43abdd161e95640a1cc12ae348":1.8276400249874594,"0x3e38ef489af0e780fb1a18db36b47efcb6a859b5":0.8941798949352001,"0x32524b1df07d622d38319d81ea1c4f4a29187437":1.1171727206444109,"0x19241812c6434bb55d7828b81268070dbbf9f70b":0.04969264966721584,"0xb7d4cc582bf137166e1499960754d32558e18440":0.6653782420174366,"0x98771bba24d57af722b4b43f55e002df4f7d29b2":0.5360977309474205,"0xd6fd705ee0b31a9300d3e2154bcce777270cbb6f":7.027365941181759,"0x2ee15dd4ebf755c50c883a31e10c1c6aa5a1145a":0.026431282728367415,"0x3a542300159d084382e228ec8f54a402451e5a67":0.23698297619456182,"0x48cf1cba8cd942818aab23f1af48470020138891":42.79656671843209,"0xa2e05af8d9271bb0acec0909de1173005cbb05cb":0.02251226087970636,"0x93beca36d5bcdc7be0f9ca38b1b5f5f5292aa859":2.4016811812673566,"0x1ffac7df7864dc7da6fb59f991e52c2955f95c84":0.011594604346505324,"0x7fe4d3f9a56444a7a779d691b1c1c2421c0c9aab":0.8463286319748567,"0x367947a84d47f9722f043042bb6b0e7b3369ecea":0.058087172756233735,"0xff4f7b726ee86f810531d2842b3bdd8a512db594":0.025217990788906967,"0xd956d35c348daa334245402a31fde52120b1dcff":0.03312621198987409,"0x4ffcb4a325dc359b39215c694bbfbfaf6485097b":0.07945967561296237,"0x664fe0585ee5df5d0d18f481fcd197c6d00ab25c":0.4101102112645609,"0x0a66a105ea8a4fc5a0475b37cd4be050621b95d4":1.4141452763222992,"0xfbf2a4db9aef5757f3a758859a9132af55754fa3":0.7983021961814097,"0xc9c026d92314aaa032cf493db1058b143dbf9aff":0.01683495759313347,"0xd84f7d807e085fd12abe9e874695db94d989caa5":0.6628747191913932,"0xf72cd97a579fb4b06588812ad3bf3f9c739f02a3":0.016939527118019736,"0x1e121993b4a8bc79d18a4c409db84c100fff25f5":0.8860804502541215,"0xc45d05cdc809d20c7b14959e8cd4a1199e3e966f":0.021154447249104393,"0x954c8952cfb768617141a2cbeb2b23faaf7b89cf":0.033511995742654926,"0x44aac8a5450461b39eabfa1ca0758ff73498d7f9":23.827816273969596,"0x97eda3c9f1e4c7ef743b552ab687aa49fca804c0":0.05360240903815377,"0x3b82b31bbe0dc3fe0f13d17f9a4d0455ef562e06":1.579176536027301,"0x0e06386cc164e743f2750753a7cb823afe5a11b9":0.014778646780135752,"0x23e817b3982ba0e033dab4fa1b47088418ad6b2a":0.6678055048298174,"0xe8cc747b7feeb7cf32522d8b116ea54930208e2d":0.02770311316066532,"0x5d6c710647b47d257f1974d4f0666e65d2c0728a":0.37524417664632365,"0x4b04bb3b261dfbcdf044f0c5e32a7d57f647a1cb":0.018579524891573235,"0xa4591bdce93938e032e84f8cea1d4ceedf654d52":0.0560834812224745,"0x2c48a579668f76dbf59c20b9273da9083be65f52":0.029484726233853495,"0xa618f8841e70b0543a921768ea5b229ecd9a4ba8":0.11170610145429566,"0xdfc42b51d5dfd39a67c9e98444d5b7ad0314c775":0.1675591521814435,"0x8c213d6a206a9c1df3573d9dca364aa0f0752546":1.3500597846498597,"0xef330d6f0b4375c39d8ed3d0d690a5b69e9ecd0c":0.10953832076618804,"0x9cfb077e441b17d7126e2bba4203e0d263e27d24":0.11013497618356256,"0x988e886b14a58dffa124230a489ad83f64008854":5.661911942973836,"0x3c5a328a5b33265740a8c1412bd82364d3b220c6":0.007622928443768739,"0x1552132ed939d420dd3141423d22009fd95a0aa3":0.7518527073397144,"0xea22e820a89ba3e188f91966f6841b9902d964c7":1.6792808368208547,"0x9f6d8d7c57e989fedf1d50d9cf66c91def446405":0.05172691977821632,"0xb2d7c3aec073443011a42a25f8577920890b37cc":1.7663609583827438,"0xe32650e748e7e4aba16181d9882d15ba328d5a78":0.5060008371972967,"0x83cf51a12258848540e862d1ab8b2fe05518f716":0.2016723428167732,"0x9d458d056ceedca9c7b7d71a093cad9e54f1d14d":0.015779446387725642,"0x183b6267cb9f985a8aa7fc912672a21d644a4102":1.521078549888629,"0xf887f68f4fe09b71b02192bbec27faba313cf9b7":0.03400155880770158,"0x158cbe24e0c054c5d06c5984763177ccd27839a8":0.18847554030039632,"0x7bd2b1c17638c44933ffd0d65734136a1b2ed67a":0.44862719488570424,"0x29043e78830f5934195c9927870b9bde9b9aadac":0.013827567593256032,"0xe259bc0b82c40791b5c0b882bc1e25a477e1f5fb":0.015434306501707943,"0x986fcc6b0d290308ad6f6a0e8471f74f53dec06a":0.04691656261080417,"0x16643680f8423948c469b2ea02a1544337535532":0.08205929527279275,"0xaa9d5cdadec5b530fa6d9cbb5905e38742629134":0.039973004644354465,"0x9b3780d3e439650a16c78cba5f9b82b483eeaa81":0.335118304362887,"0x87fc1313880d579039ac48db8b25428ed5f33c4a":0.45551198600307224,"0x4df37cc3c48ec3eb689c8bf0d91249ce2506f73b":0.5884421157841934,"0xc6654898d96e97199a8d14e534fe92dd6b2674bd":0.01672220741693536,"0x3dd1b656fcc459cc4cf203b53aaabf8c85181f1d":0.02170970358080468,"0xe0ba6c4c82376c76386d1ca2ae2516ab18882e3c":0.1574037175166255,"0x3c7e870ce51a3429a3d2dfc4454282a8676f2029":1.8420044031679905,"0xc9176e167e4ec7883b7e0a0446f265c0288b7983":6.1262975603935015,"0x97c1e7465f0d7424ffda9f4dfeb6532f983f8a5c":0.1277365295631295,"0x6d15eff7c4d740c4683a23abeb432f0a1b255a12":0.032159722487857284,"0x02d7f554e465e34f7d84610c4a258c22529ff610":0.047454090321346294,"0x3d045f52223a9595fb18377b6ca7ac8e220ab35a":1.6170769111072367,"0x6d91286c1228313828d8284f117cc4fa6c04535e":0.5585305072714783,"0xbdfaf011bfb1a0c8bdce7fa2add4e3aab635c909":0.19600321017692612,"0x68db64a8cc0aea50b479bdd5bc3b3dd5e5821ed4":0.01694559371563383,"0x6728da53d8bc7c574874745dd2c71b9ae6eae820":0.6082034295714072,"0x29ae8d5adcb1fd41aead285af28e9541ce002c20":0.22353738223603264,"0xd05a99199a4ce3b24e80ed552fd8f8b0ac870910":0.011505772771890766,"0x1f1108c1a8ac0feb8050c13e22b2692a5d0d3043":0.02457534231994504,"0x58ec4a83b46037fef8d50b795b8fe980d4590cfc":0.2809012004850444,"0xe49f9c282fe9c9bec52905cf11fbb93a59568fd9":0.039248294403780117,"0xec20749241a29c7f3752d30e14dec845442861d0":0.5026774565443305,"0x5ad911da81b204627df872780981b0d90f25c33f":1.637933557707045,"0x4742b30f35035c666c5cba2e8670052b179e0404":0.1340473217451548,"0xbd3449b07f81b3c9e9d4042868aad3a9d926d2fa":0.44682440581718263,"0x3595b7cc9f54e623732036a917b36f96c11428f6":0.09636922394599738,"0x38bca3a2678632b0a52c381010ca0b39ef202723":0.17602437032097987,"0x3eedb85da27cac4ec83ab5a8a38f18b0edbc7042":0.07296589644508626,"0x501f4860aad23ffa53992dca8316952e374eaeab":0.022421823038753133,"0x64f961eec2ba222dcba8fa354f03e27529b96f5b":0.38398325769222896,"0x5a008fbc7551023d888976b8d410e587ca6a077b":0.03168452386608217,"0x7723c45fb37092ee65202db7a2fe562c5fe0ab48":0.012545002693139668,"0xe72994419480d9a0b3ab38e53ef7d7c28c48193d":1.991897203042451,"0xcba1a275e2d858ecffaf7a87f606f74b719a8a93":13.370679520407778,"0xa5be26bdce2a21f08979b04e6433b1193ea04bb7":0.0078416506779454,"0xc6fbaf5fb912eed59c56651f0130d9e11e92d5fe":0.027104518600940927,"0x76b7864e802c4bc8d6cfa4929fde708dd9f69812":0.20409364481842895,"0xf18c2bc2e45a494e34c8cc553323f0e870bcee59":0.008340969932045132,"0xd473781816837c7cd2fadc34e66f09786d2e2694":0.002604480999361304,