{"details":{"chainId":"1088","rewardAddress":"0x3F56e0c36d275367b8C502090EDF38289b3dEa0d","total":22937.61396196929,"startBlock":3798180,"endBlock":3860458,"includedVaults":{"1":{"0x559b7bfC48a5274754b08819F75C5F27aF53D53b":{"0x8C45969aD19D297c9B85763e90D0344C6E2ac9d1":{},"0x82E90EB7034C1DF646bD06aFb9E67281AAb5ed28":{},"0x98eb27E5F24FB83b7D129D789665b08C258b4cCF":{},"0x60d133c666919B54a3254E0d3F14332cB783B733":{}}},"10":{"0x3F56e0c36d275367b8C502090EDF38289b3dEa0d":{"0xbf1aea8670d2528e08334083616dd9c5f3b087ae":{},"0x062016cd29fabb26c52bab646878987fc9b0bc55":{},"0xAB91c51b55F7Dd7B34F2FD7217506fD5b632B2B9":{},"0xF9CE2522027bD40D3b1aEe4abe969831FE3BeAf5":{},"0xb9c8f0d3254007ee4b98970b94544e473cd610ec":{}}},"137":{"0x580A84C73811E1839F75d86d75d88cCa0c241fF4":{"0x305f113ff78255d4f8524c8f50c7300b91b10f6a":{},"0x37131aEDd3da288467B6EBe9A77C523A700E6Ca1":{},"0x88d84a85A87ED12B8f098e8953B322fF789fCD1a":{},"0xF086dEdf6a89e7B16145b03a6CB0C0a9979F1433":{},"0x1F0aa72b980d65518e88841bA1dA075BD43fa933":{},"0x3fd939B017b31eaADF9ae50C7fF7Fa5c0661d47C":{},"0x11A33631a5B5349AF3F165d2B7901A4d67e561ad":{},"0x701A1824e5574B0b6b1c8dA808B184a7AB7A2867":{},"0x11826d20b6a16a22450978642404da95b4640123":{},"0xff2c44Fb819757225a176e825255a01B3B8BB051":{}}},"1088":{"0x3F56e0c36d275367b8C502090EDF38289b3dEa0d":{"0xb89c1b3d9f335b9d8bb16016f3d60160ae71041f":{},"0x10dcbee8afa39a847707e16aea5eb34c6b01aba9":{}},"0xDeadDeAddeAddEAddeadDEaDDEAdDeaDDeAD0000":{"0x10dcbee8afa39a847707e16aea5eb34c6b01aba9":{},"0xc09c73f7b32573d178138e76c0e286ba21085c20":{}}}}},"values":{"0x73bb129019992794002af6f53a86d671a4887901":1367.8048282970549,"0xd1aed85ffb991bcb22e8a5893d02582406e069e2":19543.775106722453,"0x5d6c710647b47d257f1974d4f0666e65d2c0728a":238.66748823534127,"0xa22fae0feab7ea11337391d02d4ee41ff459581d":258.1139371765938,"0x158cbe24e0c054c5d06c5984763177ccd27839a8":1092.7269935715585,"0xe5ae5aac9a19ec43abdd161e95640a1cc12ae348":0.7090487807030363,"0x3e38ef489af0e780fb1a18db36b47efcb6a859b5":4.173926469715774,"0x32524b1df07d622d38319d81ea1c4f4a29187437":5.214830725175288,"0x19241812c6434bb55d7828b81268070dbbf9f70b":0.23195943788395718,"0xb7d4cc582bf137166e1499960754d32558e18440":1.9859556088567918,"0x98771bba24d57af722b4b43f55e002df4f7d29b2":1.8651053924782397,"0xd6fd705ee0b31a9300d3e2154bcce777270cbb6f":32.80291681843648,"0x2ee15dd4ebf755c50c883a31e10c1c6aa5a1145a":0.12337811578336705,"0x3a542300159d084382e228ec8f54a402451e5a67":0.7354716794400529,"0x48cf1cba8cd942818aab23f1af48470020138891":128.01917842178062,"0xa2e05af8d9271bb0acec0909de1173005cbb05cb":0.10508458321550918,"0x93beca36d5bcdc7be0f9ca38b1b5f5f5292aa859":11.210764982628605,"0x1ffac7df7864dc7da6fb59f991e52c2955f95c84":0.054122247952429356,"0x7fe4d3f9a56444a7a779d691b1c1c2421c0c9aab":0.26072416831242234,"0x367947a84d47f9722f043042bb6b0e7b3369ecea":0.2711440833007848,"0xff4f7b726ee86f810531d2842b3bdd8a512db594":0.11771461186173868,"0xd956d35c348daa334245402a31fde52120b1dcff":0.15462925732184066,"0x4ffcb4a325dc359b39215c694bbfbfaf6485097b":0.37090841025899757,"0x664fe0585ee5df5d0d18f481fcd197c6d00ab25c":1.9143461802190578,"0x0a66a105ea8a4fc5a0475b37cd4be050621b95d4":1.5694660500149467,"0xfbf2a4db9aef5757f3a758859a9132af55754fa3":1.0428619405757962,"0xc9c026d92314aaa032cf493db1058b143dbf9aff":0.07858359991376741,"0xd84f7d807e085fd12abe9e874695db94d989caa5":3.0942211429824997,"0xf72cd97a579fb4b06588812ad3bf3f9c739f02a3":0.07907171814402578,"0x1e121993b4a8bc79d18a4c409db84c100fff25f5":4.136119215564971,"0xc45d05cdc809d20c7b14959e8cd4a1199e3e966f":0.09874646905547078,"0x954c8952cfb768617141a2cbeb2b23faaf7b89cf":0.15643005045803043,"0x44aac8a5450461b39eabfa1ca0758ff73498d7f9":44.13747290623234,"0x97eda3c9f1e4c7ef743b552ab687aa49fca804c0":0.25020973429635834,"0x3b82b31bbe0dc3fe0f13d17f9a4d0455ef562e06":4.027209110777146,"0x0e06386cc164e743f2750753a7cb823afe5a11b9":0.06898498314666159,"0x23e817b3982ba0e033dab4fa1b47088418ad6b2a":0.4337187498957895,"0xe8cc747b7feeb7cf32522d8b116ea54930208e2d":0.12931487049729737,"0x4b04bb3b261dfbcdf044f0c5e32a7d57f647a1cb":0.08672703465928466,"0xa4591bdce93938e032e84f8cea1d4ceedf654d52":0.2617910871338232,"0x2c48a579668f76dbf59c20b9273da9083be65f52":0.06383446576032684,"0xa618f8841e70b0543a921768ea5b229ecd9a4ba8":0.5214309294245862,"0xdfc42b51d5dfd39a67c9e98444d5b7ad0314c775":0.7821463941368794,"0x8c213d6a206a9c1df3573d9dca364aa0f0752546":6.301920120063971,"0xef330d6f0b4375c39d8ed3d0d690a5b69e9ecd0c":0.5113119844048184,"0x9cfb077e441b17d7126e2bba4203e0d263e27d24":0.18548666884896509,"0x988e886b14a58dffa124230a489ad83f64008854":26.429138321982695,"0x3c5a328a5b33265740a8c1412bd82364d3b220c6":0.03558293245958229,"0x1552132ed939d420dd3141423d22009fd95a0aa3":3.5095599154800055,"0xea22e820a89ba3e188f91966f6841b9902d964c7":0.09309503973461014,"0x9f6d8d7c57e989fedf1d50d9cf66c91def446405":0.17369632357168643,"0xb2d7c3aec073443011a42a25f8577920890b37cc":0.531859548013078,"0xe32650e748e7e4aba16181d9882d15ba328d5a78":2.361952332007188,"0x83cf51a12258848540e862d1ab8b2fe05518f716":0.7795111131585445,"0x9d458d056ceedca9c7b7d71a093cad9e54f1d14d":0.07365659788175168,"0x183b6267cb9f985a8aa7fc912672a21d644a4102":7.100215580621085,"0xf887f68f4fe09b71b02192bbec27faba313cf9b7":0.1587152732050052,"0x7bd2b1c17638c44933ffd0d65734136a1b2ed67a":2.0941389248116318,"0x29043e78830f5934195c9927870b9bde9b9aadac":0.06454545748141421,"0xe259bc0b82c40791b5c0b882bc1e25a477e1f5fb":0.07204552553024421,"0x986fcc6b0d290308ad6f6a0e8471f74f53dec06a":0.2190009903583262,"0x16643680f8423948c469b2ea02a1544337535532":0.12342096437179513,"0xaa9d5cdadec5b530fa6d9cbb5905e38742629134":0.18658927929847227,"0x9b3780d3e439650a16c78cba5f9b82b483eeaa81":1.564292788273759,"0x87fc1313880d579039ac48db8b25428ed5f33c4a":2.126276319139122,"0x4df37cc3c48ec3eb689c8bf0d91249ce2506f73b":2.50087484957446,"0xc6654898d96e97199a8d14e534fe92dd6b2674bd":0.078057295366367,"0x3dd1b656fcc459cc4cf203b53aaabf8c85181f1d":0.10133834023652553,"0xe0ba6c4c82376c76386d1ca2ae2516ab18882e3c":0.7347420208121753,"0x3c7e870ce51a3429a3d2dfc4454282a8676f2029":8.598259678241869,"0xc9176e167e4ec7883b7e0a0446f265c0288b7983":28.596835707802036,"0x97c1e7465f0d7424ffda9f4dfeb6532f983f8a5c":0.5962590804301356,"0x6d15eff7c4d740c4683a23abeb432f0a1b255a12":0.15011779811992837,"0x02d7f554e465e34f7d84610c4a258c22529ff610":0.22151010642316468,"0x3d045f52223a9595fb18377b6ca7ac8e220ab35a":0.0706835003697943,"0x6d91286c1228313828d8284f117cc4fa6c04535e":2.6071546471229317,"0xbdfaf011bfb1a0c8bdce7fa2add4e3aab635c909":0.9149199078850042,"0x68db64a8cc0aea50b479bdd5bc3b3dd5e5821ed4":0.07910003630741327,"0x6728da53d8bc7c574874745dd2c71b9ae6eae820":2.8390219999790736,"0x29ae8d5adcb1fd41aead285af28e9541ce002c20":1.0434461812111806,"0xd05a99199a4ce3b24e80ed552fd8f8b0ac870910":0.053707592621068875,"0x1f1108c1a8ac0feb8050c13e22b2692a5d0d3043":0.11471480447340895,"0x58ec4a83b46037fef8d50b795b8fe980d4590cfc":1.0428618588491725,"0xe49f9c282fe9c9bec52905cf11fbb93a59568fd9":0.18320641722212624,"0xec20749241a29c7f3752d30e14dec845442861d0":2.3464391824106383,"0x5ad911da81b204627df872780981b0d90f25c33f":7.645680998726328,"0x4742b30f35035c666c5cba2e8670052b179e0404":0.6257171153095036,"0xbd3449b07f81b3c9e9d4042868aad3a9d926d2fa":2.085723717698345,"0x3595b7cc9f54e623732036a917b36f96c11428f6":0.44984019096438665,"0x38bca3a2678632b0a52c381010ca0b39ef202723":0.06613856914623947,"0x3eedb85da27cac4ec83ab5a8a38f18b0edbc7042":0.3405962136743817,"0x501f4860aad23ffa53992dca8316952e374eaeab":0.10466243002199997,"0x64f961eec2ba222dcba8fa354f03e27529b96f5b":0.162983770584273,"0x5a008fbc7551023d888976b8d410e587ca6a077b":0.14789962690289005,"0x7723c45fb37092ee65202db7a2fe562c5fe0ab48":0.05855859553557276,"0xe72994419480d9a0b3ab38e53ef7d7c28c48193d":9.29794161982831,"0xcba1a275e2d858ecffaf7a87f606f74b719a8a93":55.46098063181245,"0xa5be26bdce2a21f08979b04e6433b1193ea04bb7":0.036603902096583006,"0xc6fbaf5fb912eed59c56651f0130d9e11e92d5fe":0.1265207015704255,"0x76b7864e802c4bc8d6cfa4929fde708dd9f69812":0.9526851042318996,