{"details":{"chainId":"1088","rewardAddress":"0xDeadDeAddeAddEAddeadDEaDDEAdDeaDDeAD0000","total":187.49999999999923,"startBlock":3954202,"endBlock":4034754,"includedVaults":{"1":{"0x559b7bfC48a5274754b08819F75C5F27aF53D53b":{"0x60d133c666919B54a3254E0d3F14332cB783B733":{},"0xcc61Ee649A95F2E2f0830838681f839BDb7CB823":{},"0xEcbd32bD581e241739be1763DFE7a8fFcC844ae1":{},"0x98eb27E5F24FB83b7D129D789665b08C258b4cCF":{},"0x8C45969aD19D297c9B85763e90D0344C6E2ac9d1":{},"0x82E90EB7034C1DF646bD06aFb9E67281AAb5ed28":{}}},"10":{"0x3F56e0c36d275367b8C502090EDF38289b3dEa0d":{"0xAB91c51b55F7Dd7B34F2FD7217506fD5b632B2B9":{},"0xbf1aeA8670D2528E08334083616dD9C5F3B087aE":{},"0x062016Cd29Fabb26c52BAB646878987fC9B0Bc55":{},"0xB9C8F0d3254007eE4b98970b94544e473Cd610EC":{},"0xF9CE2522027bD40D3b1aEe4abe969831FE3BeAf5":{}}},"137":{"0x580A84C73811E1839F75d86d75d88cCa0c241fF4":{"0x701A1824e5574B0b6b1c8dA808B184a7AB7A2867":{},"0x1F0aa72b980d65518e88841bA1dA075BD43fa933":{},"0xff2c44Fb819757225a176e825255a01B3B8BB051":{},"0x61167073E31b1DAd85a3E531211c7B8F1E5cAE72":{},"0x11A33631a5B5349AF3F165d2B7901A4d67e561ad":{},"0x3fd939B017b31eaADF9ae50C7fF7Fa5c0661d47C":{},"0x305f113ff78255d4F8524c8F50C7300B91B10f6A":{},"0x88d84a85A87ED12B8f098e8953B322fF789fCD1a":{},"0x11826d20B6A16A22450978642404dA95B4640123":{},"0x37131aEDd3da288467B6EBe9A77C523A700E6Ca1":{}}},"1088":{"0x3F56e0c36d275367b8C502090EDF38289b3dEa0d":{"0x5A03716bd1f338D7849f5c9581AD5015ce0020B0":{},"0xC09c73F7B32573d178138E76C0e286BA21085c20":{}},"0xDeadDeAddeAddEAddeadDEaDDEAdDeaDDeAD0000":{"0xC09c73F7B32573d178138E76C0e286BA21085c20":{},"0x10dcbee8afa39a847707e16aea5eb34c6b01aba9":{}}}}},"values":{"0x23e817b3982ba0e033dab4fa1b47088418ad6b2a":0.4650493730705027,"0x3982f7e1051ce72a4f8088d28580f41e242333c5":0.7228076577360643,"0x7fe4d3f9a56444a7a779d691b1c1c2421c0c9aab":1.0927252272627508,"0x598a69c02d6c71a4ba9180f38e463e25d24083b1":0.24182677439225153,"0x24a30823bd87e785b0c4b3803a2bffd91eb6876f":0.40201129875226105,"0xe0eae533863f6818342fa589f7b466fc3bcbbb74":1.8183702640073762,"0x2c48a579668f76dbf59c20b9273da9083be65f52":0.039664617036555896,"0xc399cb4679a5f59a6a4f00473437d0273dd5d7b4":4.914736543733726,"0xd3f85ade70adf48ed17c8cb182b8b1aff542e51f":3.6817150091607664,"0x5d6c710647b47d257f1974d4f0666e65d2c0728a":0.5513002478031716,"0x092e7471a55c416f12d3340c6cce1a4bcc373089":4.684464810390259,"0x7c818d46acef870ea88137bf553594f4803872ca":0.9864081977805712,"0x5d98609f4a43ed4d36dae38a58365b352109c7a6":0.45342520198547165,"0xe5ae5aac9a19ec43abdd161e95640a1cc12ae348":2.4130654842670043,"0x152ce5033cd865edc7bcec99333706c6cae13220":0.039125230078747276,"0x73bb129019992794002af6f53a86d671a4887901":0.9018404648931868,"0xb2d7c3aec073443011a42a25f8577920890b37cc":0.6069728844992477,"0xcba1a275e2d858ecffaf7a87f606f74b719a8a93":5.143202876405831,"0xf3386f459c962d81c1c5a78befe9f92ff8e15e0e":1.3719425846857587,"0x3a542300159d084382e228ec8f54a402451e5a67":0.1943961505285686,"0x9cfb077e441b17d7126e2bba4203e0d263e27d24":0.13789175941975468,"0x4f13fb0dd3d43a4511c1c6ef49569287ee968ae5":0.07121198527423853,"0x98771bba24d57af722b4b43f55e002df4f7d29b2":0.7074880269740537,"0xea22e820a89ba3e188f91966f6841b9902d964c7":2.8536650842847497,"0x9f6d8d7c57e989fedf1d50d9cf66c91def446405":0.09141120807809112,"0x81f45b90e54589b9251abd2a65c8c55f1e83d0cb":1.2273520507555344,"0x0a66a105ea8a4fc5a0475b37cd4be050621b95d4":1.9730526109767832,"0xb7d4cc582bf137166e1499960754d32558e18440":0.6175230419690441,"0xd1275eb5d5ea553bb52f00cf8025f07b50a66329":0.175958859258498,"0x6f3a8f9fd0da6b3ea4860ad7df347a06f1c65bdb":0.3934911691266467,"0x616fa7037c11bd5e05f8b0d6ef281c9ca8ab7498":0.3022834679903144,"0x5751a4548842e307d221c1d53e11971c8d643e1a":0.04344563619477818,"0x3b82b31bbe0dc3fe0f13d17f9a4d0455ef562e06":2.6046901339827175,"0x368955efb1bf001683cb5f7ab223380caf0b86e5":0.16121784959483434,"0x44aac8a5450461b39eabfa1ca0758ff73498d7f9":28.396158660902383,"0x3d045f52223a9595fb18377b6ca7ac8e220ab35a":2.0246592376393653,"0x3c61a6857adb1f4ba6a0155b990bf7a7fa530390":0.09735023003944587,"0xe456ff3e321be2675a5aeb56b3623586254c3419":0.11195031182719786,"0xa77208ebcab6a884b2617731ce2888c6abf72dda":0.1511417339951572,"0xfbf2a4db9aef5757f3a758859a9132af55754fa3":1.035109766233323,"0x8cc553fd466fd2c163bcda9a24d354f63318d20d":0.0888943534329668,"0x50cd4175e0bb2cc85c225911096dbdd01dd14926":1.5458666100352727,"0xd670a99b9ad6b9fe256294f51cfe5f38e51d54aa":0.6045669359806288,"0x598c5e19a132a5c433a80c908f05d87bfdaac4ae":19.30209088233284,"0x25132de651514b6c417c734558694fc576294d03":7.875511231586099,"0x38bca3a2678632b0a52c381010ca0b39ef202723":0.28486054208762446,"0x37069f8c6125a3ff9e81e277839db84f4463b254":0.03686842155216534,"0x64f961eec2ba222dcba8fa354f03e27529b96f5b":0.39450174223143736,"0xf5b6d7f8a390c6af686903ac6c9793ddec73c895":0.032962000929663206,"0xc5ebbc325f9c5520f703c5d6ca36361d4bea5ab8":0.04989718457485494,"0x58ec4a83b46037fef8d50b795b8fe980d4590cfc":0.7412679190103563,"0x39ea1a9f8caa308ebb3f9da4829f1fff7b74b72c":0.4871558943369442,"0x8daf5d971c5394db1c6aeaf05e5e339b1c61b64b":0.06855391417840659,"0x3f3c61e7b3fda491cafecb644fd3b682b4ca8777":0.023402964773027602,"0x8aec81d55d5a676f7884f8d2d2d80a64373b1c10":0.21214113517706334,"0xed51d70c30acbab4ca261057c4dd94f8942127de":3.1518606263560605,"0x5227085573fdf8ea8654997dec553836a50d3ef0":0.07995234220516062,"0x131175cb0b6bd3fed188bf30bf590f31f4386533":0.028972580452997908,"0xdb23905e09bc6934204991f02729392a11eed8f8":0.1820641615482255,"0xc7ac35c412cb902f1c90d1498d04758f3d23d8a0":0.08060892479741716,"0x5929cc4d10b6a1acc5bf5d221889f10251c628a1":0.06259023901272529,"0x868d9a5ee67ec78fe793f5a9ca045b89a7330452":1.2368459624895378,"0x82e8936b187d83fd6eb2b7dab5b19556e9deff1c":0.020183680717313884,"0x2b92e7f978871abbffceb49bc0570253bc2d7e86":0.09860732311373277,"0x09fa38eba245bb68354b8950fa2fe71f02863393":0.302937730177954,"0x16643680f8423948c469b2ea02a1544337535532":0.0590344809369409,"0xf278cd2ba9908b329095998cadb684797b13065e":0.009347576382613408,"0x32524b1df07d622d38319d81ea1c4f4a29187437":1.2101669646789843,"0xe72994419480d9a0b3ab38e53ef7d7c28c48193d":1.8579862070875668,"0x19241812c6434bb55d7828b81268070dbbf9f70b":0.0734036601048481,"0xd6fd705ee0b31a9300d3e2154bcce777270cbb6f":9.08674809735428,"0x48cf1cba8cd942818aab23f1af48470020138891":30.590338582458585,"0xa2e05af8d9271bb0acec0909de1173005cbb05cb":0.019304478722742116,"0x93beca36d5bcdc7be0f9ca38b1b5f5f5292aa859":1.862889015424294,"0x1ffac7df7864dc7da6fb59f991e52c2955f95c84":0.0117226537316638,"0x367947a84d47f9722f043042bb6b0e7b3369ecea":0.07910614010653914,"0xd956d35c348daa334245402a31fde52120b1dcff":0.04338018070164526,"0x4ffcb4a325dc359b39215c694bbfbfaf6485097b":0.10405581802223816,"0x664fe0585ee5df5d0d18f481fcd197c6d00ab25c":0.6331432696845295,"0x98940c00e5165cd6421b50b1c9e5f7c594bd9797":0.08171041873940485,"0xc9c026d92314aaa032cf493db1058b143dbf9aff":0.02204609155788479,"0xd84f7d807e085fd12abe9e874695db94d989caa5":0.752383401083292,"0xf72cd97a579fb4b06588812ad3bf3f9c739f02a3":0.012881104091568287,"0x1e121993b4a8bc79d18a4c409db84c100fff25f5":0.35332100616573947,"0xc45d05cdc809d20c7b14959e8cd4a1199e3e966f":0.07322632593212922,"0x954c8952cfb768617141a2cbeb2b23faaf7b89cf":0.04197124091377893,"0x0e06386cc164e743f2750753a7cb823afe5a11b9":0.01344723517952576,"0xe8cc747b7feeb7cf32522d8b116ea54930208e2d":0.028046898292619398,"0x4b04bb3b261dfbcdf044f0c5e32a7d57f647a1cb":0.01481836708157284,"0xa4591bdce93938e032e84f8cea1d4ceedf654d52":0.04643432006172497,"0xa5be26bdce2a21f08979b04e6433b1193ea04bb7":0.015550722343918877,"0xa618f8841e70b0543a921768ea5b229ecd9a4ba8":0.1134093596783147,"0xc6fbaf5fb912eed59c56651f0130d9e11e92d5fe":0.04331264866659122,"0xdfc42b51d5dfd39a67c9e98444d5b7ad0314c775":0.17114385357820264,"0x8c213d6a206a9c1df3573d9dca364aa0f0752546":1.5842819409235207,"0x988e886b14a58dffa124230a489ad83f64008854":6.5038346997953465,"0xe32650e748e7e4aba16181d9882d15ba328d5a78":0.2855690985699662,"0x183b6267cb9f985a8aa7fc912672a21d644a4102":2.026465531950694,