{"details":{"chainId":"1088","rewardAddress":"0x3F56e0c36d275367b8C502090EDF38289b3dEa0d","total":22624.444444444474,"startBlock":3954202,"endBlock":4034754,"includedVaults":{"1":{"0x559b7bfC48a5274754b08819F75C5F27aF53D53b":{"0x60d133c666919B54a3254E0d3F14332cB783B733":{},"0xcc61Ee649A95F2E2f0830838681f839BDb7CB823":{},"0xEcbd32bD581e241739be1763DFE7a8fFcC844ae1":{},"0x98eb27E5F24FB83b7D129D789665b08C258b4cCF":{},"0x8C45969aD19D297c9B85763e90D0344C6E2ac9d1":{},"0x82E90EB7034C1DF646bD06aFb9E67281AAb5ed28":{}}},"10":{"0x3F56e0c36d275367b8C502090EDF38289b3dEa0d":{"0xAB91c51b55F7Dd7B34F2FD7217506fD5b632B2B9":{},"0xbf1aeA8670D2528E08334083616dD9C5F3B087aE":{},"0x062016Cd29Fabb26c52BAB646878987fC9B0Bc55":{},"0xB9C8F0d3254007eE4b98970b94544e473Cd610EC":{},"0xF9CE2522027bD40D3b1aEe4abe969831FE3BeAf5":{}}},"137":{"0x580A84C73811E1839F75d86d75d88cCa0c241fF4":{"0x701A1824e5574B0b6b1c8dA808B184a7AB7A2867":{},"0x1F0aa72b980d65518e88841bA1dA075BD43fa933":{},"0xff2c44Fb819757225a176e825255a01B3B8BB051":{},"0x61167073E31b1DAd85a3E531211c7B8F1E5cAE72":{},"0x11A33631a5B5349AF3F165d2B7901A4d67e561ad":{},"0x3fd939B017b31eaADF9ae50C7fF7Fa5c0661d47C":{},"0x305f113ff78255d4F8524c8F50C7300B91B10f6A":{},"0x88d84a85A87ED12B8f098e8953B322fF789fCD1a":{},"0x11826d20B6A16A22450978642404dA95B4640123":{},"0x37131aEDd3da288467B6EBe9A77C523A700E6Ca1":{}}},"1088":{"0x3F56e0c36d275367b8C502090EDF38289b3dEa0d":{"0x5A03716bd1f338D7849f5c9581AD5015ce0020B0":{},"0xC09c73F7B32573d178138E76C0e286BA21085c20":{}},"0xDeadDeAddeAddEAddeadDEaDDEAdDeaDDeAD0000":{"0xC09c73F7B32573d178138E76C0e286BA21085c20":{},"0x10dcbee8afa39a847707e16aea5eb34c6b01aba9":{}}}}},"values":{"0xc5b67fa1a911af92d71ffe222fbc5ab4d0dacb42":22500.00000000003,"0x23e817b3982ba0e033dab4fa1b47088418ad6b2a":0.507331307807865,"0x3982f7e1051ce72a4f8088d28580f41e242333c5":0.9594602390096536,"0x7fe4d3f9a56444a7a779d691b1c1c2421c0c9aab":1.3517559704771993,"0x598a69c02d6c71a4ba9180f38e463e25d24083b1":0.3210026516377159,"0x24a30823bd87e785b0c4b3803a2bffd91eb6876f":0.5336327758252257,"0xe0eae533863f6818342fa589f7b466fc3bcbbb74":2.413718157852764,"0x2c48a579668f76dbf59c20b9273da9083be65f52":0.03679762052609388,"0xc399cb4679a5f59a6a4f00473437d0273dd5d7b4":6.523857693608053,"0xd3f85ade70adf48ed17c8cb182b8b1aff542e51f":4.887135775123052,"0x5d6c710647b47d257f1974d4f0666e65d2c0728a":0.656037265779148,"0x092e7471a55c416f12d3340c6cce1a4bcc373089":6.21819328905139,"0x7c818d46acef870ea88137bf553594f4803872ca":1.3093655484613262,"0x5d98609f4a43ed4d36dae38a58365b352109c7a6":0.6018799718207173,"0xe5ae5aac9a19ec43abdd161e95640a1cc12ae348":3.2031209983751765,"0x152ce5033cd865edc7bcec99333706c6cae13220":0.05193512022304844,"0x73bb129019992794002af6f53a86d671a4887901":1.197109713398961,"0xb2d7c3aec073443011a42a25f8577920890b37cc":0.6076384290452295,"0xcba1a275e2d858ecffaf7a87f606f74b719a8a93":3.8576987109124268,"0xf3386f459c962d81c1c5a78befe9f92ff8e15e0e":1.8211267494495478,"0x3a542300159d084382e228ec8f54a402451e5a67":0.14402266537051597,"0x9cfb077e441b17d7126e2bba4203e0d263e27d24":0.12366827703431751,"0x4f13fb0dd3d43a4511c1c6ef49569287ee968ae5":0.0945273167492118,"0x98771bba24d57af722b4b43f55e002df4f7d29b2":0.2516728245678446,"0xea22e820a89ba3e188f91966f6841b9902d964c7":3.7397594134929513,"0x9f6d8d7c57e989fedf1d50d9cf66c91def446405":0.07145498760523816,"0x81f45b90e54589b9251abd2a65c8c55f1e83d0cb":1.629196203669575,"0x0a66a105ea8a4fc5a0475b37cd4be050621b95d4":2.047004108132552,"0xb7d4cc582bf137166e1499960754d32558e18440":0.37743393813277293,"0xd1275eb5d5ea553bb52f00cf8025f07b50a66329":0.23356909317868862,"0x6f3a8f9fd0da6b3ea4860ad7df347a06f1c65bdb":0.5223230926481138,"0x616fa7037c11bd5e05f8b0d6ef281c9ca8ab7498":0.40125331454714486,"0x5751a4548842e307d221c1d53e11971c8d643e1a":0.05767005930447616,"0x3b82b31bbe0dc3fe0f13d17f9a4d0455ef562e06":1.7122469550910602,"0x368955efb1bf001683cb5f7ab223380caf0b86e5":0.21400176775847726,"0x44aac8a5450461b39eabfa1ca0758ff73498d7f9":23.405327144815942,"0x3d045f52223a9595fb18377b6ca7ac8e220ab35a":2.6875476695183385,"0x3c61a6857adb1f4ba6a0155b990bf7a7fa530390":0.12922341646717608,"0xe456ff3e321be2675a5aeb56b3623586254c3419":0.14860367318099213,"0xa77208ebcab6a884b2617731ce2888c6abf72dda":0.20062665727357243,"0xfbf2a4db9aef5757f3a758859a9132af55754fa3":0.9412223256358333,"0x8cc553fd466fd2c163bcda9a24d354f63318d20d":0.11799902322361269,"0x50cd4175e0bb2cc85c225911096dbdd01dd14926":2.051994789024607,"0xd670a99b9ad6b9fe256294f51cfe5f38e51d54aa":0.8025066290942898,"0x598c5e19a132a5c433a80c908f05d87bfdaac4ae":25.621738415659696,"0x25132de651514b6c417c734558694fc576294d03":10.454011945927663,"0x38bca3a2678632b0a52c381010ca0b39ef202723":0.3498631521046957,"0x37069f8c6125a3ff9e81e277839db84f4463b254":0.04893941586776337,"0x64f961eec2ba222dcba8fa354f03e27529b96f5b":0.43850834484588885,"0xf5b6d7f8a390c6af686903ac6c9793ddec73c895":0.04375400419700497,"0xc5ebbc325f9c5520f703c5d6ca36361d4bea5ab8":0.06623389241343734,"0x58ec4a83b46037fef8d50b795b8fe980d4590cfc":0.31027116243496905,"0x39ea1a9f8caa308ebb3f9da4829f1fff7b74b72c":0.6466543427050425,"0x8daf5d971c5394db1c6aeaf05e5e339b1c61b64b":0.09099897348718895,"0x3f3c61e7b3fda491cafecb644fd3b682b4ca8777":0.031065268795011577,"0x8aec81d55d5a676f7884f8d2d2d80a64373b1c10":0.26264300066575086,"0xed51d70c30acbab4ca261057c4dd94f8942127de":4.183803142540802,"0x5227085573fdf8ea8654997dec553836a50d3ef0":0.10612933128270252,"0x131175cb0b6bd3fed188bf30bf590f31f4386533":0.03845841790501663,"0xdb23905e09bc6934204991f02729392a11eed8f8":0.15123939738030592,"0xc7ac35c412cb902f1c90d1498d04758f3d23d8a0":0.10700088387923862,"0x5929cc4d10b6a1acc5bf5d221889f10251c628a1":0.08308274689689196,"0x868d9a5ee67ec78fe793f5a9ca045b89a7330452":1.6417984924305635,"0x82e8936b187d83fd6eb2b7dab5b19556e9deff1c":0.02679196729290861,"0x2b92e7f978871abbffceb49bc0570253bc2d7e86":0.13089209112578506,"0x09fa38eba245bb68354b8950fa2fe71f02863393":0.4021217870214043,"0x16643680f8423948c469b2ea02a1544337535532":0.032382891551212975,"0xf278cd2ba9908b329095998cadb684797b13065e":0.012408042131587626}}