{"details":{"chainId":"1088","rewardAddress":"0xDeadDeAddeAddEAddeadDEaDDEAdDeaDDeAD0000","total":187.49999999999923,"startBlock":3753769,"endBlock":3798180,"includedVaults":{"1":{"0x559b7bfC48a5274754b08819F75C5F27aF53D53b":{"0x8C45969aD19D297c9B85763e90D0344C6E2ac9d1":{},"0x82E90EB7034C1DF646bD06aFb9E67281AAb5ed28":{},"0x98eb27E5F24FB83b7D129D789665b08C258b4cCF":{},"0x60d133c666919B54a3254E0d3F14332cB783B733":{}}},"10":{"0x3F56e0c36d275367b8C502090EDF38289b3dEa0d":{"0x062016cd29fabb26c52bab646878987fc9b0bc55":{},"0xbf1aea8670d2528e08334083616dd9c5f3b087ae":{},"0xAB91c51b55F7Dd7B34F2FD7217506fD5b632B2B9":{},"0xb9c8f0d3254007ee4b98970b94544e473cd610ec":{},"0xF9CE2522027bD40D3b1aEe4abe969831FE3BeAf5":{}}},"137":{"0x580A84C73811E1839F75d86d75d88cCa0c241fF4":{"0x11A33631a5B5349AF3F165d2B7901A4d67e561ad":{},"0x1F0aa72b980d65518e88841bA1dA075BD43fa933":{},"0xF086dEdf6a89e7B16145b03a6CB0C0a9979F1433":{},"0x305f113ff78255d4f8524c8f50c7300b91b10f6a":{},"0xff2c44Fb819757225a176e825255a01B3B8BB051":{},"0x37131aEDd3da288467B6EBe9A77C523A700E6Ca1":{},"0x701A1824e5574B0b6b1c8dA808B184a7AB7A2867":{},"0x3fd939B017b31eaADF9ae50C7fF7Fa5c0661d47C":{},"0x88d84a85A87ED12B8f098e8953B322fF789fCD1a":{},"0x11826d20b6a16a22450978642404da95b4640123":{}}},"1088":{"0xDeadDeAddeAddEAddeadDEaDDEAdDeaDDeAD0000":{"0xc09c73f7b32573d178138e76c0e286ba21085c20":{},"0x10dcbee8afa39a847707e16aea5eb34c6b01aba9":{}},"0x3F56e0c36d275367b8C502090EDF38289b3dEa0d":{"0xb89c1b3d9f335b9d8bb16016f3d60160ae71041f":{},"0x10dcbee8afa39a847707e16aea5eb34c6b01aba9":{}}}}},"values":{"0x4bb17f45b9a00451383166782c9cd6075ad5eeb3":0.06870746120787521,"0x23e817b3982ba0e033dab4fa1b47088418ad6b2a":0.8607314981706391,"0xcdcdefcf200b66718403ccad3295a0ae6553d907":1.1573288586705,"0x3982f7e1051ce72a4f8088d28580f41e242333c5":0.2764044992243013,"0x7fe4d3f9a56444a7a779d691b1c1c2421c0c9aab":0.8206513302732,"0x598a69c02d6c71a4ba9180f38e463e25d24083b1":0.2314657717341,"0xd63da94c6a7e8d15f8eed6d008815fd9e978cc1f":0.27404233108745746,"0x24a30823bd87e785b0c4b3803a2bffd91eb6876f":0.36005786714193333,"0xe0eae533863f6818342fa589f7b466fc3bcbbb74":2.964304983341374,"0x2c48a579668f76dbf59c20b9273da9083be65f52":0.028827341856808176,"0xc5b67fa1a911af92d71ffe222fbc5ab4d0dacb42":2.160634035114071,"0xd3f85ade70adf48ed17c8cb182b8b1aff542e51f":2.789652175318625,"0x5d6c710647b47d257f1974d4f0666e65d2c0728a":0.3470664723030801,"0x092e7471a55c416f12d3340c6cce1a4bcc373089":3.473468407696697,"0x44f2cdf495e9f93bcc91dc421d1bb00ad95b617b":0.02909758882995674,"0x9194ff990c890b33dcd62426f8c84fe2b3178f2c":1.5088165769723334,"0x7c818d46acef870ea88137bf553594f4803872ca":0.6429604770391666,"0x5d98609f4a43ed4d36dae38a58365b352109c7a6":0.289332214667625,"0x80b3153f39aeec1ef68adc038913698e103e6e1d":0.12881754082280872,"0xe5ae5aac9a19ec43abdd161e95640a1cc12ae348":1.7459362286273128,"0x152ce5033cd865edc7bcec99333706c6cae13220":0.024965946794521236,"0x73bb129019992794002af6f53a86d671a4887901":0.5754675696054204,"0xb2d7c3aec073443011a42a25f8577920890b37cc":1.2016142651155044,"0xcba1a275e2d858ecffaf7a87f606f74b719a8a93":2.827540991330869,"0x21c8dc59f2e9a11c4c1a0c310641968132c6b1be":1.6500764912054207,"0xf3386f459c962d81c1c5a78befe9f92ff8e15e0e":0.9663522995112006,"0x3a542300159d084382e228ec8f54a402451e5a67":0.09859339680602892,"0x9cfb077e441b17d7126e2bba4203e0d263e27d24":0.10861303788310274,"0x4f13fb0dd3d43a4511c1c6ef49569287ee968ae5":0.05242517805107103,"0x98771bba24d57af722b4b43f55e002df4f7d29b2":0.5809413015887264,"0x48cf1cba8cd942818aab23f1af48470020138891":45.21042075996401,"0xe32650e748e7e4aba16181d9882d15ba328d5a78":0.9278370498263185,"0xea22e820a89ba3e188f91966f6841b9902d964c7":1.5722327164337364,"0x9f6d8d7c57e989fedf1d50d9cf66c91def446405":0.05020444568427244,"0x81f45b90e54589b9251abd2a65c8c55f1e83d0cb":0.41444693011418626,"0x27e1f718e0bbc1717c77e7d90fd3a1bc95bb891f":2.950719779656507,"0x83cf51a12258848540e862d1ab8b2fe05518f716":0.21183209344644038,"0x0a66a105ea8a4fc5a0475b37cd4be050621b95d4":1.3504981314871465,"0x8a8606817b360f6c26246a8b1f081a5050174cd5":0.5272275913002118,"0xb7d4cc582bf137166e1499960754d32558e18440":0.5092641071436561,"0xd1275eb5d5ea553bb52f00cf8025f07b50a66329":0.1287539184841202,"0xfab500061e63e30babdeb3ffad296d761a52d7b8":0.002186065621933166,"0x6f3a8f9fd0da6b3ea4860ad7df347a06f1c65bdb":0.26350117648591337,"0x616fa7037c11bd5e05f8b0d6ef281c9ca8ab7498":0.19288814311174998,"0xfaa41900848b7f68f4859676432811e6fc46a15c":0.2571841908156666,"0x4df37cc3c48ec3eb689c8bf0d91249ce2506f73b":0.8823164508495998,"0x3b82b31bbe0dc3fe0f13d17f9a4d0455ef562e06":1.6316191769765698,"0xca20a8f778a92b8ba0260410607dc1fd1edd7dcb":0.002057473526525333,"0x87fc1313880d579039ac48db8b25428ed5f33c4a":0.45830424967524874,"0x32d910cfc8b6e472154cb14ead6ad6d92c1e2ed5":0.010287367632626665,"0x368955efb1bf001683cb5f7ab223380caf0b86e5":0.10415629264789325,"0xaf4c6c334aa5af433fe8da5ad2de32b77f554a91":0.34744438510750125,"0x5275817b74021e97c980e95ede6bbac0d0d6f3a2":0.3640755066064322,"0xc61ee6799b7d4fe58ab9cb332f330309c7fa0c56":6.7573687153250654,"0x44aac8a5450461b39eabfa1ca0758ff73498d7f9":23.716149539980762,"0x3d045f52223a9595fb18377b6ca7ac8e220ab35a":1.4468728090053486,"0x3c61a6857adb1f4ba6a0155b990bf7a7fa530390":0.03216686724576812,"0xe456ff3e321be2675a5aeb56b3623586254c3419":0.06429604770391666,"0xa77208ebcab6a884b2617731ce2888c6abf72dda":0.09644407155587499,"0x1ab2ff848031bffbca39fad061551b3cf82d9575":0.09644407155587499,"0x66d1f600b54b9c2576ba45cfd2090ac8e941db2e":0.004514084971215621,"0x53a385d47d3a011539ec377f53acb410f53ff97d":0.003214802385195833,"0xfbf2a4db9aef5757f3a758859a9132af55754fa3":0.7547820682238174,"0x46919f4016befb3c9a01e72a1cfc395695276a01":0.7241088852028984,"0x5c0642fe68fc72cf03f676b28faf5cf97cc0b265":1.8633745583974681,"0xc40ebdc95e9fae4ada1a2c5093d0599afe0256bd":0.4950095294068038,"0x8cc553fd466fd2c163bcda9a24d354f63318d20d":0.029719459253815285,"0x50cd4175e0bb2cc85c225911096dbdd01dd14926":0.4500723339301064,"0xd670a99b9ad6b9fe256294f51cfe5f38e51d54aa":0.38577628622349996,"0x598c5e19a132a5c433a80c908f05d87bfdaac4ae":12.600748017865238,"0x868d9a5ee67ec78fe793f5a9ca045b89a7330452":0.1283057817249979,"0xd9f88a2a5692b7dced6211475dfedf6b4fd98bcf":0.24375434936164003,"0x25132de651514b6c417c734558694fc576294d03":5.025391390458203,"0x38bca3a2678632b0a52c381010ca0b39ef202723":0.14141825862409918,"0x68c01711232a7357f5cd8302cde8a3649266af66":0.019288814311174997,"0x37069f8c6125a3ff9e81e277839db84f4463b254":0.026077168479209312,"0x64f961eec2ba222dcba8fa354f03e27529b96f5b":0.1919747971443595,"0xf5b6d7f8a390c6af686903ac6c9793ddec73c895":0.021033168617657368,"0xc5ebbc325f9c5520f703c5d6ca36361d4bea5ab8":0.021251787029422587,"0x58ec4a83b46037fef8d50b795b8fe980d4590cfc":0.3041931164547016,"0x39ea1a9f8caa308ebb3f9da4829f1fff7b74b72c":0.20427862822706674,"0x16643680f8423948c469b2ea02a1544337535532":0.04195145738980452,"0x3e38ef489af0e780fb1a18db36b47efcb6a859b5":1.145282642382098,"0x32524b1df07d622d38319d81ea1c4f4a29187437":1.2827445832587487,"0x19241812c6434bb55d7828b81268070dbbf9f70b":0.024778250003159405,"0xd6fd705ee0b31a9300d3e2154bcce777270cbb6f":8.068864759272188,"0x2ee15dd4ebf755c50c883a31e10c1c6aa5a1145a":0.3002818657949372,"0x90a97b2a5f7484bdd334dd216ffdd393c7decb42":0.000740926952618945,"0xa2e05af8d9271bb0acec0909de1173005cbb05cb":0.023205271270964157,"0x93beca36d5bcdc7be0f9ca38b1b5f5f5292aa859":1.1399683015407112,"0x1ffac7df7864dc7da6fb59f991e52c2955f95c84":0.01331299596353285,"0x367947a84d47f9722f043042bb6b0e7b3369ecea":0.05644498512683188,"0xff4f7b726ee86f810531d2842b3bdd8a512db594":0.028955451997145283,"0xd956d35c348daa334245402a31fde52120b1dcff":0.03803572017886489,"0x4ffcb4a325dc359b39215c694bbfbfaf6485097b":0.09123608784614007,"0xc724b0047de0fa1259c043e7203abb243e2c8fc4":0.004058401279686429,"0xa7871c77cfdca9bc4477666c5663ba1217031344":0.007695697929759515,"0x664fe0585ee5df5d0d18f481fcd197c6d00ab25c":0.4192295076790669,"0x8f6f5ccad7a126c14a39d4b0251d06cea2b856a4":0.008016352010166162,